--
-- PostgreSQL database dump
--

\restrict yq3cliajjmEUXoQel0vSQenbS6gUxZ4qBOU9jDDdLdlr790F7m6bhrWaMVhu19Q

-- Dumped from database version 17.6 (Debian 17.6-1.pgdg13+1)
-- Dumped by pg_dump version 17.6 (Ubuntu 17.6-1.pgdg22.04+1)

-- Started on 2025-09-02 00:05:25 +04

SET statement_timeout = 0;
SET lock_timeout = 0;
SET idle_in_transaction_session_timeout = 0;
SET transaction_timeout = 0;
SET client_encoding = 'UTF8';
SET standard_conforming_strings = on;
SELECT pg_catalog.set_config('search_path', '', false);
SET check_function_bodies = false;
SET xmloption = content;
SET client_min_messages = warning;
SET row_security = off;

SET default_tablespace = '';

SET default_table_access_method = heap;

--
-- TOC entry 224 (class 1259 OID 16412)
-- Name: auth_group; Type: TABLE; Schema: public; Owner: postgres
--

CREATE TABLE public.auth_group (
    id integer NOT NULL,
    name character varying(150) NOT NULL
);


ALTER TABLE public.auth_group OWNER TO postgres;

--
-- TOC entry 223 (class 1259 OID 16411)
-- Name: auth_group_id_seq; Type: SEQUENCE; Schema: public; Owner: postgres
--

ALTER TABLE public.auth_group ALTER COLUMN id ADD GENERATED BY DEFAULT AS IDENTITY (
    SEQUENCE NAME public.auth_group_id_seq
    START WITH 1
    INCREMENT BY 1
    NO MINVALUE
    NO MAXVALUE
    CACHE 1
);


--
-- TOC entry 226 (class 1259 OID 16420)
-- Name: auth_group_permissions; Type: TABLE; Schema: public; Owner: postgres
--

CREATE TABLE public.auth_group_permissions (
    id bigint NOT NULL,
    group_id integer NOT NULL,
    permission_id integer NOT NULL
);


ALTER TABLE public.auth_group_permissions OWNER TO postgres;

--
-- TOC entry 225 (class 1259 OID 16419)
-- Name: auth_group_permissions_id_seq; Type: SEQUENCE; Schema: public; Owner: postgres
--

ALTER TABLE public.auth_group_permissions ALTER COLUMN id ADD GENERATED BY DEFAULT AS IDENTITY (
    SEQUENCE NAME public.auth_group_permissions_id_seq
    START WITH 1
    INCREMENT BY 1
    NO MINVALUE
    NO MAXVALUE
    CACHE 1
);


--
-- TOC entry 222 (class 1259 OID 16406)
-- Name: auth_permission; Type: TABLE; Schema: public; Owner: postgres
--

CREATE TABLE public.auth_permission (
    id integer NOT NULL,
    name character varying(255) NOT NULL,
    content_type_id integer NOT NULL,
    codename character varying(100) NOT NULL
);


ALTER TABLE public.auth_permission OWNER TO postgres;

--
-- TOC entry 221 (class 1259 OID 16405)
-- Name: auth_permission_id_seq; Type: SEQUENCE; Schema: public; Owner: postgres
--

ALTER TABLE public.auth_permission ALTER COLUMN id ADD GENERATED BY DEFAULT AS IDENTITY (
    SEQUENCE NAME public.auth_permission_id_seq
    START WITH 1
    INCREMENT BY 1
    NO MINVALUE
    NO MAXVALUE
    CACHE 1
);


--
-- TOC entry 264 (class 1259 OID 16772)
-- Name: axes_accessattempt; Type: TABLE; Schema: public; Owner: postgres
--

CREATE TABLE public.axes_accessattempt (
    id integer NOT NULL,
    user_agent character varying(255) NOT NULL,
    ip_address inet,
    username character varying(255),
    http_accept character varying(1025) NOT NULL,
    path_info character varying(255) NOT NULL,
    attempt_time timestamp with time zone NOT NULL,
    get_data text NOT NULL,
    post_data text NOT NULL,
    failures_since_start integer NOT NULL,
    CONSTRAINT axes_accessattempt_failures_since_start_check CHECK ((failures_since_start >= 0))
);


ALTER TABLE public.axes_accessattempt OWNER TO postgres;

--
-- TOC entry 263 (class 1259 OID 16771)
-- Name: axes_accessattempt_id_seq; Type: SEQUENCE; Schema: public; Owner: postgres
--

ALTER TABLE public.axes_accessattempt ALTER COLUMN id ADD GENERATED BY DEFAULT AS IDENTITY (
    SEQUENCE NAME public.axes_accessattempt_id_seq
    START WITH 1
    INCREMENT BY 1
    NO MINVALUE
    NO MAXVALUE
    CACHE 1
);


--
-- TOC entry 268 (class 1259 OID 16803)
-- Name: axes_accessfailurelog; Type: TABLE; Schema: public; Owner: postgres
--

CREATE TABLE public.axes_accessfailurelog (
    id integer NOT NULL,
    user_agent character varying(255) NOT NULL,
    ip_address inet,
    username character varying(255),
    http_accept character varying(1025) NOT NULL,
    path_info character varying(255) NOT NULL,
    attempt_time timestamp with time zone NOT NULL,
    locked_out boolean NOT NULL
);


ALTER TABLE public.axes_accessfailurelog OWNER TO postgres;

--
-- TOC entry 267 (class 1259 OID 16802)
-- Name: axes_accessfailurelog_id_seq; Type: SEQUENCE; Schema: public; Owner: postgres
--

ALTER TABLE public.axes_accessfailurelog ALTER COLUMN id ADD GENERATED BY DEFAULT AS IDENTITY (
    SEQUENCE NAME public.axes_accessfailurelog_id_seq
    START WITH 1
    INCREMENT BY 1
    NO MINVALUE
    NO MAXVALUE
    CACHE 1
);


--
-- TOC entry 266 (class 1259 OID 16781)
-- Name: axes_accesslog; Type: TABLE; Schema: public; Owner: postgres
--

CREATE TABLE public.axes_accesslog (
    id integer NOT NULL,
    user_agent character varying(255) NOT NULL,
    ip_address inet,
    username character varying(255),
    http_accept character varying(1025) NOT NULL,
    path_info character varying(255) NOT NULL,
    attempt_time timestamp with time zone NOT NULL,
    logout_time timestamp with time zone,
    session_hash character varying(64) NOT NULL
);


ALTER TABLE public.axes_accesslog OWNER TO postgres;

--
-- TOC entry 265 (class 1259 OID 16780)
-- Name: axes_accesslog_id_seq; Type: SEQUENCE; Schema: public; Owner: postgres
--

ALTER TABLE public.axes_accesslog ALTER COLUMN id ADD GENERATED BY DEFAULT AS IDENTITY (
    SEQUENCE NAME public.axes_accesslog_id_seq
    START WITH 1
    INCREMENT BY 1
    NO MINVALUE
    NO MAXVALUE
    CACHE 1
);


--
-- TOC entry 262 (class 1259 OID 16751)
-- Name: django_admin_log; Type: TABLE; Schema: public; Owner: postgres
--

CREATE TABLE public.django_admin_log (
    id integer NOT NULL,
    action_time timestamp with time zone NOT NULL,
    object_id text,
    object_repr character varying(200) NOT NULL,
    action_flag smallint NOT NULL,
    change_message text NOT NULL,
    content_type_id integer,
    user_id bigint NOT NULL,
    CONSTRAINT django_admin_log_action_flag_check CHECK ((action_flag >= 0))
);


ALTER TABLE public.django_admin_log OWNER TO postgres;

--
-- TOC entry 261 (class 1259 OID 16750)
-- Name: django_admin_log_id_seq; Type: SEQUENCE; Schema: public; Owner: postgres
--

ALTER TABLE public.django_admin_log ALTER COLUMN id ADD GENERATED BY DEFAULT AS IDENTITY (
    SEQUENCE NAME public.django_admin_log_id_seq
    START WITH 1
    INCREMENT BY 1
    NO MINVALUE
    NO MAXVALUE
    CACHE 1
);


--
-- TOC entry 280 (class 1259 OID 16888)
-- Name: django_celery_beat_clockedschedule; Type: TABLE; Schema: public; Owner: postgres
--

CREATE TABLE public.django_celery_beat_clockedschedule (
    id integer NOT NULL,
    clocked_time timestamp with time zone NOT NULL
);


ALTER TABLE public.django_celery_beat_clockedschedule OWNER TO postgres;

--
-- TOC entry 279 (class 1259 OID 16887)
-- Name: django_celery_beat_clockedschedule_id_seq; Type: SEQUENCE; Schema: public; Owner: postgres
--

ALTER TABLE public.django_celery_beat_clockedschedule ALTER COLUMN id ADD GENERATED BY DEFAULT AS IDENTITY (
    SEQUENCE NAME public.django_celery_beat_clockedschedule_id_seq
    START WITH 1
    INCREMENT BY 1
    NO MINVALUE
    NO MAXVALUE
    CACHE 1
);


--
-- TOC entry 271 (class 1259 OID 16827)
-- Name: django_celery_beat_crontabschedule; Type: TABLE; Schema: public; Owner: postgres
--

CREATE TABLE public.django_celery_beat_crontabschedule (
    id integer NOT NULL,
    minute character varying(240) NOT NULL,
    hour character varying(96) NOT NULL,
    day_of_week character varying(64) NOT NULL,
    day_of_month character varying(124) NOT NULL,
    month_of_year character varying(64) NOT NULL,
    timezone character varying(63) NOT NULL
);


ALTER TABLE public.django_celery_beat_crontabschedule OWNER TO postgres;

--
-- TOC entry 270 (class 1259 OID 16826)
-- Name: django_celery_beat_crontabschedule_id_seq; Type: SEQUENCE; Schema: public; Owner: postgres
--

ALTER TABLE public.django_celery_beat_crontabschedule ALTER COLUMN id ADD GENERATED BY DEFAULT AS IDENTITY (
    SEQUENCE NAME public.django_celery_beat_crontabschedule_id_seq
    START WITH 1
    INCREMENT BY 1
    NO MINVALUE
    NO MAXVALUE
    CACHE 1
);


--
-- TOC entry 273 (class 1259 OID 16833)
-- Name: django_celery_beat_intervalschedule; Type: TABLE; Schema: public; Owner: postgres
--

CREATE TABLE public.django_celery_beat_intervalschedule (
    id integer NOT NULL,
    every integer NOT NULL,
    period character varying(24) NOT NULL
);


ALTER TABLE public.django_celery_beat_intervalschedule OWNER TO postgres;

--
-- TOC entry 272 (class 1259 OID 16832)
-- Name: django_celery_beat_intervalschedule_id_seq; Type: SEQUENCE; Schema: public; Owner: postgres
--

ALTER TABLE public.django_celery_beat_intervalschedule ALTER COLUMN id ADD GENERATED BY DEFAULT AS IDENTITY (
    SEQUENCE NAME public.django_celery_beat_intervalschedule_id_seq
    START WITH 1
    INCREMENT BY 1
    NO MINVALUE
    NO MAXVALUE
    CACHE 1
);


--
-- TOC entry 275 (class 1259 OID 16839)
-- Name: django_celery_beat_periodictask; Type: TABLE; Schema: public; Owner: postgres
--

CREATE TABLE public.django_celery_beat_periodictask (
    id integer NOT NULL,
    name character varying(200) NOT NULL,
    task character varying(200) NOT NULL,
    args text NOT NULL,
    kwargs text NOT NULL,
    queue character varying(200),
    exchange character varying(200),
    routing_key character varying(200),
    expires timestamp with time zone,
    enabled boolean NOT NULL,
    last_run_at timestamp with time zone,
    total_run_count integer NOT NULL,
    date_changed timestamp with time zone NOT NULL,
    description text NOT NULL,
    crontab_id integer,
    interval_id integer,
    solar_id integer,
    one_off boolean NOT NULL,
    start_time timestamp with time zone,
    priority integer,
    headers text NOT NULL,
    clocked_id integer,
    expire_seconds integer,
    CONSTRAINT django_celery_beat_periodictask_expire_seconds_check CHECK ((expire_seconds >= 0)),
    CONSTRAINT django_celery_beat_periodictask_priority_check CHECK ((priority >= 0)),
    CONSTRAINT django_celery_beat_periodictask_total_run_count_check CHECK ((total_run_count >= 0))
);


ALTER TABLE public.django_celery_beat_periodictask OWNER TO postgres;

--
-- TOC entry 274 (class 1259 OID 16838)
-- Name: django_celery_beat_periodictask_id_seq; Type: SEQUENCE; Schema: public; Owner: postgres
--

ALTER TABLE public.django_celery_beat_periodictask ALTER COLUMN id ADD GENERATED BY DEFAULT AS IDENTITY (
    SEQUENCE NAME public.django_celery_beat_periodictask_id_seq
    START WITH 1
    INCREMENT BY 1
    NO MINVALUE
    NO MAXVALUE
    CACHE 1
);


--
-- TOC entry 276 (class 1259 OID 16849)
-- Name: django_celery_beat_periodictasks; Type: TABLE; Schema: public; Owner: postgres
--

CREATE TABLE public.django_celery_beat_periodictasks (
    ident smallint NOT NULL,
    last_update timestamp with time zone NOT NULL
);


ALTER TABLE public.django_celery_beat_periodictasks OWNER TO postgres;

--
-- TOC entry 278 (class 1259 OID 16868)
-- Name: django_celery_beat_solarschedule; Type: TABLE; Schema: public; Owner: postgres
--

CREATE TABLE public.django_celery_beat_solarschedule (
    id integer NOT NULL,
    event character varying(24) NOT NULL,
    latitude numeric(9,6) NOT NULL,
    longitude numeric(9,6) NOT NULL
);


ALTER TABLE public.django_celery_beat_solarschedule OWNER TO postgres;

--
-- TOC entry 277 (class 1259 OID 16867)
-- Name: django_celery_beat_solarschedule_id_seq; Type: SEQUENCE; Schema: public; Owner: postgres
--

ALTER TABLE public.django_celery_beat_solarschedule ALTER COLUMN id ADD GENERATED BY DEFAULT AS IDENTITY (
    SEQUENCE NAME public.django_celery_beat_solarschedule_id_seq
    START WITH 1
    INCREMENT BY 1
    NO MINVALUE
    NO MAXVALUE
    CACHE 1
);


--
-- TOC entry 220 (class 1259 OID 16398)
-- Name: django_content_type; Type: TABLE; Schema: public; Owner: postgres
--

CREATE TABLE public.django_content_type (
    id integer NOT NULL,
    app_label character varying(100) NOT NULL,
    model character varying(100) NOT NULL
);


ALTER TABLE public.django_content_type OWNER TO postgres;

--
-- TOC entry 219 (class 1259 OID 16397)
-- Name: django_content_type_id_seq; Type: SEQUENCE; Schema: public; Owner: postgres
--

ALTER TABLE public.django_content_type ALTER COLUMN id ADD GENERATED BY DEFAULT AS IDENTITY (
    SEQUENCE NAME public.django_content_type_id_seq
    START WITH 1
    INCREMENT BY 1
    NO MINVALUE
    NO MAXVALUE
    CACHE 1
);


--
-- TOC entry 218 (class 1259 OID 16390)
-- Name: django_migrations; Type: TABLE; Schema: public; Owner: postgres
--

CREATE TABLE public.django_migrations (
    id bigint NOT NULL,
    app character varying(255) NOT NULL,
    name character varying(255) NOT NULL,
    applied timestamp with time zone NOT NULL
);


ALTER TABLE public.django_migrations OWNER TO postgres;

--
-- TOC entry 217 (class 1259 OID 16389)
-- Name: django_migrations_id_seq; Type: SEQUENCE; Schema: public; Owner: postgres
--

ALTER TABLE public.django_migrations ALTER COLUMN id ADD GENERATED BY DEFAULT AS IDENTITY (
    SEQUENCE NAME public.django_migrations_id_seq
    START WITH 1
    INCREMENT BY 1
    NO MINVALUE
    NO MAXVALUE
    CACHE 1
);


--
-- TOC entry 269 (class 1259 OID 16816)
-- Name: django_session; Type: TABLE; Schema: public; Owner: postgres
--

CREATE TABLE public.django_session (
    session_key character varying(40) NOT NULL,
    session_data text NOT NULL,
    expire_date timestamp with time zone NOT NULL
);


ALTER TABLE public.django_session OWNER TO postgres;

--
-- TOC entry 260 (class 1259 OID 16578)
-- Name: school_attendance; Type: TABLE; Schema: public; Owner: postgres
--

CREATE TABLE public.school_attendance (
    id bigint NOT NULL,
    date date NOT NULL,
    missed_lessons integer NOT NULL,
    reason character varying(255),
    student_id bigint NOT NULL,
    teacher_assignment_id bigint NOT NULL,
    CONSTRAINT school_attendance_missed_lessons_check CHECK ((missed_lessons >= 0))
);


ALTER TABLE public.school_attendance OWNER TO postgres;

--
-- TOC entry 259 (class 1259 OID 16577)
-- Name: school_attendance_id_seq; Type: SEQUENCE; Schema: public; Owner: postgres
--

ALTER TABLE public.school_attendance ALTER COLUMN id ADD GENERATED BY DEFAULT AS IDENTITY (
    SEQUENCE NAME public.school_attendance_id_seq
    START WITH 1
    INCREMENT BY 1
    NO MINVALUE
    NO MAXVALUE
    CACHE 1
);


--
-- TOC entry 236 (class 1259 OID 16488)
-- Name: school_customuser; Type: TABLE; Schema: public; Owner: postgres
--

CREATE TABLE public.school_customuser (
    id bigint NOT NULL,
    password character varying(128) NOT NULL,
    last_login timestamp with time zone,
    is_superuser boolean NOT NULL,
    username character varying(150) NOT NULL,
    is_staff boolean NOT NULL,
    is_active boolean NOT NULL,
    date_joined timestamp with time zone NOT NULL,
    role character varying(10) NOT NULL,
    first_name character varying(50) NOT NULL,
    last_name character varying(50) NOT NULL,
    middle_name character varying(50),
    email character varying(254) NOT NULL,
    failed_login_attempts integer NOT NULL,
    lockout_until timestamp with time zone,
    CONSTRAINT school_customuser_failed_login_attempts_check CHECK ((failed_login_attempts >= 0))
);


ALTER TABLE public.school_customuser OWNER TO postgres;

--
-- TOC entry 238 (class 1259 OID 16499)
-- Name: school_customuser_groups; Type: TABLE; Schema: public; Owner: postgres
--

CREATE TABLE public.school_customuser_groups (
    id bigint NOT NULL,
    customuser_id bigint NOT NULL,
    group_id integer NOT NULL
);


ALTER TABLE public.school_customuser_groups OWNER TO postgres;

--
-- TOC entry 237 (class 1259 OID 16498)
-- Name: school_customuser_groups_id_seq; Type: SEQUENCE; Schema: public; Owner: postgres
--

ALTER TABLE public.school_customuser_groups ALTER COLUMN id ADD GENERATED BY DEFAULT AS IDENTITY (
    SEQUENCE NAME public.school_customuser_groups_id_seq
    START WITH 1
    INCREMENT BY 1
    NO MINVALUE
    NO MAXVALUE
    CACHE 1
);


--
-- TOC entry 235 (class 1259 OID 16487)
-- Name: school_customuser_id_seq; Type: SEQUENCE; Schema: public; Owner: postgres
--

ALTER TABLE public.school_customuser ALTER COLUMN id ADD GENERATED BY DEFAULT AS IDENTITY (
    SEQUENCE NAME public.school_customuser_id_seq
    START WITH 1
    INCREMENT BY 1
    NO MINVALUE
    NO MAXVALUE
    CACHE 1
);


--
-- TOC entry 240 (class 1259 OID 16505)
-- Name: school_customuser_user_permissions; Type: TABLE; Schema: public; Owner: postgres
--

CREATE TABLE public.school_customuser_user_permissions (
    id bigint NOT NULL,
    customuser_id bigint NOT NULL,
    permission_id integer NOT NULL
);


ALTER TABLE public.school_customuser_user_permissions OWNER TO postgres;

--
-- TOC entry 239 (class 1259 OID 16504)
-- Name: school_customuser_user_permissions_id_seq; Type: SEQUENCE; Schema: public; Owner: postgres
--

ALTER TABLE public.school_customuser_user_permissions ALTER COLUMN id ADD GENERATED BY DEFAULT AS IDENTITY (
    SEQUENCE NAME public.school_customuser_user_permissions_id_seq
    START WITH 1
    INCREMENT BY 1
    NO MINVALUE
    NO MAXVALUE
    CACHE 1
);


--
-- TOC entry 228 (class 1259 OID 16452)
-- Name: school_globalgradesettings; Type: TABLE; Schema: public; Owner: postgres
--

CREATE TABLE public.school_globalgradesettings (
    id bigint NOT NULL,
    midterm_limit integer,
    final_limit integer,
    CONSTRAINT school_globalgradesettings_final_limit_check CHECK ((final_limit >= 0)),
    CONSTRAINT school_globalgradesettings_midterm_limit_check CHECK ((midterm_limit >= 0))
);


ALTER TABLE public.school_globalgradesettings OWNER TO postgres;

--
-- TOC entry 227 (class 1259 OID 16451)
-- Name: school_globalgradesettings_id_seq; Type: SEQUENCE; Schema: public; Owner: postgres
--

ALTER TABLE public.school_globalgradesettings ALTER COLUMN id ADD GENERATED BY DEFAULT AS IDENTITY (
    SEQUENCE NAME public.school_globalgradesettings_id_seq
    START WITH 1
    INCREMENT BY 1
    NO MINVALUE
    NO MAXVALUE
    CACHE 1
);


--
-- TOC entry 258 (class 1259 OID 16570)
-- Name: school_grade; Type: TABLE; Schema: public; Owner: postgres
--

CREATE TABLE public.school_grade (
    id bigint NOT NULL,
    activity integer,
    midterm integer,
    final integer,
    total double precision,
    additional_scores jsonb,
    semester_id bigint NOT NULL,
    student_id bigint NOT NULL,
    teacher_assignment_id bigint NOT NULL
);


ALTER TABLE public.school_grade OWNER TO postgres;

--
-- TOC entry 257 (class 1259 OID 16569)
-- Name: school_grade_id_seq; Type: SEQUENCE; Schema: public; Owner: postgres
--

ALTER TABLE public.school_grade ALTER COLUMN id ADD GENERATED BY DEFAULT AS IDENTITY (
    SEQUENCE NAME public.school_grade_id_seq
    START WITH 1
    INCREMENT BY 1
    NO MINVALUE
    NO MAXVALUE
    CACHE 1
);


--
-- TOC entry 244 (class 1259 OID 16519)
-- Name: school_group; Type: TABLE; Schema: public; Owner: postgres
--

CREATE TABLE public.school_group (
    id bigint NOT NULL,
    name character varying(50) NOT NULL
);


ALTER TABLE public.school_group OWNER TO postgres;

--
-- TOC entry 243 (class 1259 OID 16518)
-- Name: school_group_id_seq; Type: SEQUENCE; Schema: public; Owner: postgres
--

ALTER TABLE public.school_group ALTER COLUMN id ADD GENERATED BY DEFAULT AS IDENTITY (
    SEQUENCE NAME public.school_group_id_seq
    START WITH 1
    INCREMENT BY 1
    NO MINVALUE
    NO MAXVALUE
    CACHE 1
);


--
-- TOC entry 246 (class 1259 OID 16527)
-- Name: school_group_students; Type: TABLE; Schema: public; Owner: postgres
--

CREATE TABLE public.school_group_students (
    id bigint NOT NULL,
    group_id bigint NOT NULL,
    studentprofile_id bigint NOT NULL
);


ALTER TABLE public.school_group_students OWNER TO postgres;

--
-- TOC entry 245 (class 1259 OID 16526)
-- Name: school_group_students_id_seq; Type: SEQUENCE; Schema: public; Owner: postgres
--

ALTER TABLE public.school_group_students ALTER COLUMN id ADD GENERATED BY DEFAULT AS IDENTITY (
    SEQUENCE NAME public.school_group_students_id_seq
    START WITH 1
    INCREMENT BY 1
    NO MINVALUE
    NO MAXVALUE
    CACHE 1
);


--
-- TOC entry 250 (class 1259 OID 16540)
-- Name: school_material; Type: TABLE; Schema: public; Owner: postgres
--

CREATE TABLE public.school_material (
    id bigint NOT NULL,
    title character varying(255) NOT NULL,
    file character varying(100) NOT NULL,
    uploaded_at timestamp with time zone NOT NULL,
    teacher_assignment_id bigint NOT NULL
);


ALTER TABLE public.school_material OWNER TO postgres;

--
-- TOC entry 249 (class 1259 OID 16539)
-- Name: school_material_id_seq; Type: SEQUENCE; Schema: public; Owner: postgres
--

ALTER TABLE public.school_material ALTER COLUMN id ADD GENERATED BY DEFAULT AS IDENTITY (
    SEQUENCE NAME public.school_material_id_seq
    START WITH 1
    INCREMENT BY 1
    NO MINVALUE
    NO MAXVALUE
    CACHE 1
);


--
-- TOC entry 230 (class 1259 OID 16460)
-- Name: school_room; Type: TABLE; Schema: public; Owner: postgres
--

CREATE TABLE public.school_room (
    id bigint NOT NULL,
    number character varying(20) NOT NULL,
    building character varying(100) NOT NULL,
    capacity integer,
    CONSTRAINT school_room_capacity_check CHECK ((capacity >= 0))
);


ALTER TABLE public.school_room OWNER TO postgres;

--
-- TOC entry 229 (class 1259 OID 16459)
-- Name: school_room_id_seq; Type: SEQUENCE; Schema: public; Owner: postgres
--

ALTER TABLE public.school_room ALTER COLUMN id ADD GENERATED BY DEFAULT AS IDENTITY (
    SEQUENCE NAME public.school_room_id_seq
    START WITH 1
    INCREMENT BY 1
    NO MINVALUE
    NO MAXVALUE
    CACHE 1
);


--
-- TOC entry 256 (class 1259 OID 16560)
-- Name: school_scheduleentry; Type: TABLE; Schema: public; Owner: postgres
--

CREATE TABLE public.school_scheduleentry (
    id bigint NOT NULL,
    weekday integer NOT NULL,
    week_type character varying(10) NOT NULL,
    time_slot integer NOT NULL,
    group_id bigint NOT NULL,
    room_id bigint NOT NULL,
    scheduler_id bigint NOT NULL,
    teacher_id bigint NOT NULL,
    subject_id bigint NOT NULL
);


ALTER TABLE public.school_scheduleentry OWNER TO postgres;

--
-- TOC entry 255 (class 1259 OID 16559)
-- Name: school_scheduleentry_id_seq; Type: SEQUENCE; Schema: public; Owner: postgres
--

ALTER TABLE public.school_scheduleentry ALTER COLUMN id ADD GENERATED BY DEFAULT AS IDENTITY (
    SEQUENCE NAME public.school_scheduleentry_id_seq
    START WITH 1
    INCREMENT BY 1
    NO MINVALUE
    NO MAXVALUE
    CACHE 1
);


--
-- TOC entry 232 (class 1259 OID 16469)
-- Name: school_semester; Type: TABLE; Schema: public; Owner: postgres
--

CREATE TABLE public.school_semester (
    id bigint NOT NULL,
    number smallint NOT NULL,
    start_date date NOT NULL,
    end_date date NOT NULL,
    CONSTRAINT school_semester_number_check CHECK ((number >= 0))
);


ALTER TABLE public.school_semester OWNER TO postgres;

--
-- TOC entry 231 (class 1259 OID 16468)
-- Name: school_semester_id_seq; Type: SEQUENCE; Schema: public; Owner: postgres
--

ALTER TABLE public.school_semester ALTER COLUMN id ADD GENERATED BY DEFAULT AS IDENTITY (
    SEQUENCE NAME public.school_semester_id_seq
    START WITH 1
    INCREMENT BY 1
    NO MINVALUE
    NO MAXVALUE
    CACHE 1
);


--
-- TOC entry 242 (class 1259 OID 16511)
-- Name: school_studentprofile; Type: TABLE; Schema: public; Owner: postgres
--

CREATE TABLE public.school_studentprofile (
    id bigint NOT NULL,
    user_id bigint NOT NULL
);


ALTER TABLE public.school_studentprofile OWNER TO postgres;

--
-- TOC entry 241 (class 1259 OID 16510)
-- Name: school_studentprofile_id_seq; Type: SEQUENCE; Schema: public; Owner: postgres
--

ALTER TABLE public.school_studentprofile ALTER COLUMN id ADD GENERATED BY DEFAULT AS IDENTITY (
    SEQUENCE NAME public.school_studentprofile_id_seq
    START WITH 1
    INCREMENT BY 1
    NO MINVALUE
    NO MAXVALUE
    CACHE 1
);


--
-- TOC entry 234 (class 1259 OID 16478)
-- Name: school_subject; Type: TABLE; Schema: public; Owner: postgres
--

CREATE TABLE public.school_subject (
    id bigint NOT NULL,
    name character varying(100) NOT NULL,
    description text,
    credits integer NOT NULL
);


ALTER TABLE public.school_subject OWNER TO postgres;

--
-- TOC entry 233 (class 1259 OID 16477)
-- Name: school_subject_id_seq; Type: SEQUENCE; Schema: public; Owner: postgres
--

ALTER TABLE public.school_subject ALTER COLUMN id ADD GENERATED BY DEFAULT AS IDENTITY (
    SEQUENCE NAME public.school_subject_id_seq
    START WITH 1
    INCREMENT BY 1
    NO MINVALUE
    NO MAXVALUE
    CACHE 1
);


--
-- TOC entry 248 (class 1259 OID 16533)
-- Name: school_teacherassignment; Type: TABLE; Schema: public; Owner: postgres
--

CREATE TABLE public.school_teacherassignment (
    id bigint NOT NULL,
    num_sg integer,
    group_id bigint NOT NULL,
    semester_id bigint NOT NULL,
    subject_id bigint NOT NULL,
    teacher_id bigint NOT NULL,
    CONSTRAINT school_teacherassignment_num_sg_check CHECK ((num_sg >= 0))
);


ALTER TABLE public.school_teacherassignment OWNER TO postgres;

--
-- TOC entry 247 (class 1259 OID 16532)
-- Name: school_teacherassignment_id_seq; Type: SEQUENCE; Schema: public; Owner: postgres
--

ALTER TABLE public.school_teacherassignment ALTER COLUMN id ADD GENERATED BY DEFAULT AS IDENTITY (
    SEQUENCE NAME public.school_teacherassignment_id_seq
    START WITH 1
    INCREMENT BY 1
    NO MINVALUE
    NO MAXVALUE
    CACHE 1
);


--
-- TOC entry 252 (class 1259 OID 16546)
-- Name: school_tutorprofile; Type: TABLE; Schema: public; Owner: postgres
--

CREATE TABLE public.school_tutorprofile (
    id bigint NOT NULL,
    user_id bigint NOT NULL
);


ALTER TABLE public.school_tutorprofile OWNER TO postgres;

--
-- TOC entry 254 (class 1259 OID 16554)
-- Name: school_tutorprofile_groups; Type: TABLE; Schema: public; Owner: postgres
--

CREATE TABLE public.school_tutorprofile_groups (
    id bigint NOT NULL,
    tutorprofile_id bigint NOT NULL,
    group_id bigint NOT NULL
);


ALTER TABLE public.school_tutorprofile_groups OWNER TO postgres;

--
-- TOC entry 253 (class 1259 OID 16553)
-- Name: school_tutorprofile_groups_id_seq; Type: SEQUENCE; Schema: public; Owner: postgres
--

ALTER TABLE public.school_tutorprofile_groups ALTER COLUMN id ADD GENERATED BY DEFAULT AS IDENTITY (
    SEQUENCE NAME public.school_tutorprofile_groups_id_seq
    START WITH 1
    INCREMENT BY 1
    NO MINVALUE
    NO MAXVALUE
    CACHE 1
);


--
-- TOC entry 251 (class 1259 OID 16545)
-- Name: school_tutorprofile_id_seq; Type: SEQUENCE; Schema: public; Owner: postgres
--

ALTER TABLE public.school_tutorprofile ALTER COLUMN id ADD GENERATED BY DEFAULT AS IDENTITY (
    SEQUENCE NAME public.school_tutorprofile_id_seq
    START WITH 1
    INCREMENT BY 1
    NO MINVALUE
    NO MAXVALUE
    CACHE 1
);


--
-- TOC entry 3797 (class 0 OID 16412)
-- Dependencies: 224
-- Data for Name: auth_group; Type: TABLE DATA; Schema: public; Owner: postgres
--

COPY public.auth_group (id, name) FROM stdin;
\.


--
-- TOC entry 3799 (class 0 OID 16420)
-- Dependencies: 226
-- Data for Name: auth_group_permissions; Type: TABLE DATA; Schema: public; Owner: postgres
--

COPY public.auth_group_permissions (id, group_id, permission_id) FROM stdin;
\.


--
-- TOC entry 3795 (class 0 OID 16406)
-- Dependencies: 222
-- Data for Name: auth_permission; Type: TABLE DATA; Schema: public; Owner: postgres
--

COPY public.auth_permission (id, name, content_type_id, codename) FROM stdin;
9	Can add group	3	add_group
1	Can add log entry	1	add_logentry
2	Can change log entry	1	change_logentry
3	Can delete log entry	1	delete_logentry
4	Can view log entry	1	view_logentry
5	Can add permission	2	add_permission
6	Can change permission	2	change_permission
7	Can delete permission	2	delete_permission
8	Can view permission	2	view_permission
10	Can change group	3	change_group
11	Can delete group	3	delete_group
12	Can view group	3	view_group
13	Can add content type	4	add_contenttype
14	Can change content type	4	change_contenttype
15	Can delete content type	4	delete_contenttype
16	Can view content type	4	view_contenttype
17	Can add session	5	add_session
18	Can change session	5	change_session
19	Can delete session	5	delete_session
20	Can view session	5	view_session
21	Can add Global Grade Settings	6	add_globalgradesettings
22	Can change Global Grade Settings	6	change_globalgradesettings
23	Can delete Global Grade Settings	6	delete_globalgradesettings
24	Can view Global Grade Settings	6	view_globalgradesettings
25	Can add Room	7	add_room
26	Can change Room	7	change_room
27	Can delete Room	7	delete_room
28	Can view Room	7	view_room
29	Can add semester	8	add_semester
30	Can change semester	8	change_semester
31	Can delete semester	8	delete_semester
32	Can view semester	8	view_semester
33	Can add subject	9	add_subject
34	Can change subject	9	change_subject
35	Can delete subject	9	delete_subject
36	Can view subject	9	view_subject
37	Can add user	10	add_customuser
38	Can change user	10	change_customuser
39	Can delete user	10	delete_customuser
40	Can view user	10	view_customuser
41	Can add Student Profile	11	add_studentprofile
42	Can change Student Profile	11	change_studentprofile
43	Can delete Student Profile	11	delete_studentprofile
44	Can view Student Profile	11	view_studentprofile
45	Can add group	12	add_group
46	Can change group	12	change_group
47	Can delete group	12	delete_group
48	Can view group	12	view_group
49	Can add Teacher Assignment	13	add_teacherassignment
50	Can change Teacher Assignment	13	change_teacherassignment
51	Can delete Teacher Assignment	13	delete_teacherassignment
52	Can view Teacher Assignment	13	view_teacherassignment
53	Can add material	14	add_material
54	Can change material	14	change_material
55	Can delete material	14	delete_material
56	Can view material	14	view_material
57	Can add Tutor Profile	15	add_tutorprofile
58	Can change Tutor Profile	15	change_tutorprofile
59	Can delete Tutor Profile	15	delete_tutorprofile
60	Can view Tutor Profile	15	view_tutorprofile
61	Can add Schedule Entry	16	add_scheduleentry
62	Can change Schedule Entry	16	change_scheduleentry
63	Can delete Schedule Entry	16	delete_scheduleentry
64	Can view Schedule Entry	16	view_scheduleentry
65	Can add Grade	17	add_grade
66	Can change Grade	17	change_grade
67	Can delete Grade	17	delete_grade
68	Can view Grade	17	view_grade
69	Can add Attendance	18	add_attendance
70	Can change Attendance	18	change_attendance
71	Can delete Attendance	18	delete_attendance
72	Can view Attendance	18	view_attendance
73	Can add access attempt	19	add_accessattempt
74	Can change access attempt	19	change_accessattempt
75	Can delete access attempt	19	delete_accessattempt
76	Can view access attempt	19	view_accessattempt
77	Can add access log	20	add_accesslog
78	Can change access log	20	change_accesslog
79	Can delete access log	20	delete_accesslog
80	Can view access log	20	view_accesslog
81	Can add access failure	21	add_accessfailurelog
82	Can change access failure	21	change_accessfailurelog
83	Can delete access failure	21	delete_accessfailurelog
84	Can view access failure	21	view_accessfailurelog
85	Can add crontab	22	add_crontabschedule
86	Can change crontab	22	change_crontabschedule
87	Can delete crontab	22	delete_crontabschedule
88	Can view crontab	22	view_crontabschedule
89	Can add interval	23	add_intervalschedule
90	Can change interval	23	change_intervalschedule
91	Can delete interval	23	delete_intervalschedule
92	Can view interval	23	view_intervalschedule
93	Can add periodic task	24	add_periodictask
94	Can change periodic task	24	change_periodictask
95	Can delete periodic task	24	delete_periodictask
96	Can view periodic task	24	view_periodictask
97	Can add periodic task track	25	add_periodictasks
98	Can change periodic task track	25	change_periodictasks
99	Can delete periodic task track	25	delete_periodictasks
100	Can view periodic task track	25	view_periodictasks
101	Can add solar event	26	add_solarschedule
102	Can change solar event	26	change_solarschedule
103	Can delete solar event	26	delete_solarschedule
104	Can view solar event	26	view_solarschedule
105	Can add clocked	27	add_clockedschedule
106	Can change clocked	27	change_clockedschedule
107	Can delete clocked	27	delete_clockedschedule
108	Can view clocked	27	view_clockedschedule
\.


--
-- TOC entry 3837 (class 0 OID 16772)
-- Dependencies: 264
-- Data for Name: axes_accessattempt; Type: TABLE DATA; Schema: public; Owner: postgres
--

COPY public.axes_accessattempt (id, user_agent, ip_address, username, http_accept, path_info, attempt_time, get_data, post_data, failures_since_start) FROM stdin;
2	Mozilla/5.0 (X11; Ubuntu; Linux x86_64; rv:142.0) Gecko/20100101 Firefox/142.0	100.64.0.2	zczc	text/html,application/xhtml+xml,application/xml;q=0.9,*/*;q=0.8	/login/	2025-08-31 18:25:55.493593+00	next=/	csrfmiddlewaretoken=PWEx9DB2urBLCGgqMfUXwumjYj7dl1W7fwMMncshWGQJR268gmRtgBy127mcwNQF\nusername=********************\npassword=********************	1
\.


--
-- TOC entry 3841 (class 0 OID 16803)
-- Dependencies: 268
-- Data for Name: axes_accessfailurelog; Type: TABLE DATA; Schema: public; Owner: postgres
--

COPY public.axes_accessfailurelog (id, user_agent, ip_address, username, http_accept, path_info, attempt_time, locked_out) FROM stdin;
\.


--
-- TOC entry 3839 (class 0 OID 16781)
-- Dependencies: 266
-- Data for Name: axes_accesslog; Type: TABLE DATA; Schema: public; Owner: postgres
--

COPY public.axes_accesslog (id, user_agent, ip_address, username, http_accept, path_info, attempt_time, logout_time, session_hash) FROM stdin;
1	Mozilla/5.0 (X11; Ubuntu; Linux x86_64; rv:142.0) Gecko/20100101 Firefox/142.0	100.64.0.3	admin	text/html,application/xhtml+xml,application/xml;q=0.9,*/*;q=0.8	/admin/login/	2025-08-31 16:48:02.258078+00	\N	c1e36d059ec579eb507f0f5448751d12c4f316966f7d4513e8788da26de79fb1
2	Mozilla/5.0 (X11; Linux x86_64) AppleWebKit/537.36 (KHTML, like Gecko) Chrome/139.0.0.0 Safari/537.36	100.64.0.2	admin	text/html,application/xhtml+xml,application/xml;q=0.9,image/avif,image/webp,image/apng,*/*;q=0.8,application/signed-exchange;v=b3;q=0.7	/admin/login/	2025-08-31 17:42:17.861815+00	\N	641a8784a8367b57b90b2f1c72e45a433058c1ea8f8013d55a6ab82713a2e3e0
3	Mozilla/5.0 (X11; Linux x86_64) AppleWebKit/537.36 (KHTML, like Gecko) Chrome/139.0.0.0 Safari/537.36	127.0.0.1	admin	text/html,application/xhtml+xml,application/xml;q=0.9,image/avif,image/webp,image/apng,*/*;q=0.8,application/signed-exchange;v=b3;q=0.7	/admin/login/	2025-08-31 18:06:31.325294+00	\N	4432f658f6beee0671803a77c939fa0eff440dfa219d401022862a458905e079
4	Mozilla/5.0 (X11; Linux x86_64) AppleWebKit/537.36 (KHTML, like Gecko) Chrome/139.0.0.0 Safari/537.36	127.0.0.1	admin	text/html,application/xhtml+xml,application/xml;q=0.9,image/avif,image/webp,image/apng,*/*;q=0.8,application/signed-exchange;v=b3;q=0.7	/admin/login/	2025-08-31 18:17:51.881466+00	\N	209511db3bffe8d7f2f014371e6d66b54e7565f22cc4afd0d996336455eb0755
5	Mozilla/5.0 (X11; Linux x86_64) AppleWebKit/537.36 (KHTML, like Gecko) Chrome/139.0.0.0 Safari/537.36	127.0.0.1	admin	text/html,application/xhtml+xml,application/xml;q=0.9,image/avif,image/webp,image/apng,*/*;q=0.8,application/signed-exchange;v=b3;q=0.7	/admin/login/	2025-08-31 18:17:51.880374+00	\N	c5dcd2c42de833083d850b45aa338682dfcbc10184a73bbb677f145409b565ed
6	Mozilla/5.0 (X11; Linux x86_64) AppleWebKit/537.36 (KHTML, like Gecko) Chrome/139.0.0.0 Safari/537.36	127.0.0.1	admin	text/html,application/xhtml+xml,application/xml;q=0.9,image/avif,image/webp,image/apng,*/*;q=0.8,application/signed-exchange;v=b3;q=0.7	/admin/login/	2025-08-31 18:18:04.917428+00	\N	d468d806901620a040ef2a9be2c10778b7fc2e4bbbc9696999b4c83a31472869
7	Mozilla/5.0 (X11; Linux x86_64) AppleWebKit/537.36 (KHTML, like Gecko) Chrome/139.0.0.0 Safari/537.36	100.64.0.7	admin	text/html,application/xhtml+xml,application/xml;q=0.9,image/avif,image/webp,image/apng,*/*;q=0.8,application/signed-exchange;v=b3;q=0.7	/admin/login/	2025-08-31 18:19:30.047877+00	\N	e85c9be41c9580e7f892ff601943f26fa66e38da5545a0f355a98938b8903b68
8	Mozilla/5.0 (X11; Linux x86_64) AppleWebKit/537.36 (KHTML, like Gecko) Chrome/139.0.0.0 Safari/537.36	127.0.0.1	admin	text/html,application/xhtml+xml,application/xml;q=0.9,image/avif,image/webp,image/apng,*/*;q=0.8,application/signed-exchange;v=b3;q=0.7	/admin/login/	2025-08-31 18:20:06.336433+00	\N	05012ff49ed236aab460990b079743c8f60daf5d3753e821729187c9188ea0ef
9	Mozilla/5.0 (X11; Linux x86_64) AppleWebKit/537.36 (KHTML, like Gecko) Chrome/139.0.0.0 Safari/537.36	100.64.0.7	admin	text/html,application/xhtml+xml,application/xml;q=0.9,image/avif,image/webp,image/apng,*/*;q=0.8,application/signed-exchange;v=b3;q=0.7	/admin/login/	2025-08-31 18:21:08.848525+00	\N	b3b202227b01fc43aa47538525bb0ddcb57bc52b363d518ef9932562a8ca254b
10	Mozilla/5.0 (X11; Linux x86_64) AppleWebKit/537.36 (KHTML, like Gecko) Chrome/139.0.0.0 Safari/537.36	127.0.0.1	admin	text/html,application/xhtml+xml,application/xml;q=0.9,image/avif,image/webp,image/apng,*/*;q=0.8,application/signed-exchange;v=b3;q=0.7	/admin/login/	2025-08-31 18:24:53.884189+00	\N	36a0fdd8d90348b96b0186abcd5b97d6258c92c83114bc18f0b38f4aaed33899
11	Mozilla/5.0 (X11; Ubuntu; Linux x86_64; rv:142.0) Gecko/20100101 Firefox/142.0	100.64.0.2	zczc	text/html,application/xhtml+xml,application/xml;q=0.9,*/*;q=0.8	/login/	2025-08-31 18:26:03.177893+00	\N	93ef6b3b00a2e16f478b6be2b2f7141ce0b184f9890b3169813624452225ed2d
12	Mozilla/5.0 (X11; Ubuntu; Linux x86_64; rv:142.0) Gecko/20100101 Firefox/142.0	100.64.0.2	zczc	text/html,application/xhtml+xml,application/xml;q=0.9,*/*;q=0.8	/login/	2025-08-31 18:26:14.640735+00	\N	97dd62398a2880afa29cd1e1619b776ffbdc403abc99c1a87b99d1ad4039fab7
13	Mozilla/5.0 (X11; Ubuntu; Linux x86_64; rv:142.0) Gecko/20100101 Firefox/142.0	127.0.0.1	zczc	text/html,application/xhtml+xml,application/xml;q=0.9,*/*;q=0.8	/login/	2025-08-31 18:26:43.86513+00	\N	de431a4403dd4b30c8b284ff280d04f1db17a782c11ceabc69efee6a451f8e88
\.


--
-- TOC entry 3835 (class 0 OID 16751)
-- Dependencies: 262
-- Data for Name: django_admin_log; Type: TABLE DATA; Schema: public; Owner: postgres
--

COPY public.django_admin_log (id, action_time, object_id, object_repr, action_flag, change_message, content_type_id, user_id) FROM stdin;
4	2025-08-31 21:14:46.149+00	41	Şirinov Elnur Vidayət	2	[{"changed": {"fields": ["Password", "Email"]}}]	10	13
5	2025-09-01 07:57:18.121+00	8	zczc zczc zczc	3		10	13
6	2025-09-01 10:09:40.59+00	11	 	3		10	13
7	2025-09-01 10:09:40.59+00	1	 	3		10	13
8	2025-09-01 10:16:10.31+00	52	tyutor tyutor tyutor	1	[{"added": {}}]	10	13
9	2025-09-01 10:19:19.546+00	1	Tutor: tyutor tyutor	1	[{"added": {}}]	15	13
10	2025-09-01 13:57:22.106+00	54	adfad adfad adfad	1	[{"added": {}}]	10	13
11	2025-09-01 14:02:48.738+00	52	tyutor tyutor tyutor	2	[{"changed": {"fields": ["Password", "Staff status", "User permissions"]}}]	10	13
12	2025-09-01 17:20:11.798+00	38	Mirzəzadə Elvin İlqar	2	[{"changed": {"fields": ["Password", "Email"]}}]	10	13
\.


--
-- TOC entry 3853 (class 0 OID 16888)
-- Dependencies: 280
-- Data for Name: django_celery_beat_clockedschedule; Type: TABLE DATA; Schema: public; Owner: postgres
--

COPY public.django_celery_beat_clockedschedule (id, clocked_time) FROM stdin;
\.


--
-- TOC entry 3844 (class 0 OID 16827)
-- Dependencies: 271
-- Data for Name: django_celery_beat_crontabschedule; Type: TABLE DATA; Schema: public; Owner: postgres
--

COPY public.django_celery_beat_crontabschedule (id, minute, hour, day_of_week, day_of_month, month_of_year, timezone) FROM stdin;
\.


--
-- TOC entry 3846 (class 0 OID 16833)
-- Dependencies: 273
-- Data for Name: django_celery_beat_intervalschedule; Type: TABLE DATA; Schema: public; Owner: postgres
--

COPY public.django_celery_beat_intervalschedule (id, every, period) FROM stdin;
\.


--
-- TOC entry 3848 (class 0 OID 16839)
-- Dependencies: 275
-- Data for Name: django_celery_beat_periodictask; Type: TABLE DATA; Schema: public; Owner: postgres
--

COPY public.django_celery_beat_periodictask (id, name, task, args, kwargs, queue, exchange, routing_key, expires, enabled, last_run_at, total_run_count, date_changed, description, crontab_id, interval_id, solar_id, one_off, start_time, priority, headers, clocked_id, expire_seconds) FROM stdin;
\.


--
-- TOC entry 3849 (class 0 OID 16849)
-- Dependencies: 276
-- Data for Name: django_celery_beat_periodictasks; Type: TABLE DATA; Schema: public; Owner: postgres
--

COPY public.django_celery_beat_periodictasks (ident, last_update) FROM stdin;
\.


--
-- TOC entry 3851 (class 0 OID 16868)
-- Dependencies: 278
-- Data for Name: django_celery_beat_solarschedule; Type: TABLE DATA; Schema: public; Owner: postgres
--

COPY public.django_celery_beat_solarschedule (id, event, latitude, longitude) FROM stdin;
\.


--
-- TOC entry 3793 (class 0 OID 16398)
-- Dependencies: 220
-- Data for Name: django_content_type; Type: TABLE DATA; Schema: public; Owner: postgres
--

COPY public.django_content_type (id, app_label, model) FROM stdin;
1	admin	logentry
2	auth	permission
3	auth	group
4	contenttypes	contenttype
5	sessions	session
6	school	globalgradesettings
7	school	room
8	school	semester
9	school	subject
10	school	customuser
11	school	studentprofile
12	school	group
13	school	teacherassignment
14	school	material
15	school	tutorprofile
16	school	scheduleentry
17	school	grade
18	school	attendance
19	axes	accessattempt
20	axes	accesslog
21	axes	accessfailurelog
22	django_celery_beat	crontabschedule
23	django_celery_beat	intervalschedule
24	django_celery_beat	periodictask
25	django_celery_beat	periodictasks
26	django_celery_beat	solarschedule
27	django_celery_beat	clockedschedule
\.


--
-- TOC entry 3791 (class 0 OID 16390)
-- Dependencies: 218
-- Data for Name: django_migrations; Type: TABLE DATA; Schema: public; Owner: postgres
--

COPY public.django_migrations (id, app, name, applied) FROM stdin;
1	contenttypes	0001_initial	2025-08-31 15:45:15.128111+00
2	contenttypes	0002_remove_content_type_name	2025-08-31 15:45:15.137605+00
3	auth	0001_initial	2025-08-31 15:45:15.165237+00
4	auth	0002_alter_permission_name_max_length	2025-08-31 15:45:15.170301+00
5	auth	0003_alter_user_email_max_length	2025-08-31 15:45:15.175925+00
6	auth	0004_alter_user_username_opts	2025-08-31 15:45:15.180385+00
7	auth	0005_alter_user_last_login_null	2025-08-31 15:45:15.185182+00
8	auth	0006_require_contenttypes_0002	2025-08-31 15:45:15.187994+00
9	auth	0007_alter_validators_add_error_messages	2025-08-31 15:45:15.192595+00
10	auth	0008_alter_user_username_max_length	2025-08-31 15:45:15.197443+00
11	auth	0009_alter_user_last_name_max_length	2025-08-31 15:45:15.201718+00
12	auth	0010_alter_group_name_max_length	2025-08-31 15:45:15.20731+00
13	auth	0011_update_proxy_permissions	2025-08-31 15:45:15.211247+00
14	auth	0012_alter_user_first_name_max_length	2025-08-31 15:45:15.217244+00
15	school	0001_initial	2025-08-31 15:45:15.386892+00
16	admin	0001_initial	2025-08-31 15:45:15.407082+00
17	admin	0002_logentry_remove_auto_add	2025-08-31 15:45:15.416023+00
18	admin	0003_logentry_add_action_flag_choices	2025-08-31 15:45:15.424319+00
19	axes	0001_initial	2025-08-31 15:45:15.432309+00
20	axes	0002_auto_20151217_2044	2025-08-31 15:45:15.454305+00
21	axes	0003_auto_20160322_0929	2025-08-31 15:45:15.467651+00
22	axes	0004_auto_20181024_1538	2025-08-31 15:45:15.480873+00
23	axes	0005_remove_accessattempt_trusted	2025-08-31 15:45:15.486625+00
24	axes	0006_remove_accesslog_trusted	2025-08-31 15:45:15.491568+00
25	axes	0007_alter_accessattempt_unique_together	2025-08-31 15:45:15.516359+00
26	axes	0008_accessfailurelog	2025-08-31 15:45:15.52658+00
27	axes	0009_add_session_hash	2025-08-31 15:45:15.530638+00
28	sessions	0001_initial	2025-08-31 15:45:15.538208+00
29	django_celery_beat	0001_initial	2025-08-31 16:46:52.201019+00
30	django_celery_beat	0002_auto_20161118_0346	2025-08-31 16:46:52.917788+00
31	django_celery_beat	0003_auto_20161209_0049	2025-08-31 16:46:53.327416+00
32	django_celery_beat	0004_auto_20170221_0000	2025-08-31 16:46:53.566011+00
33	django_celery_beat	0005_add_solarschedule_events_choices	2025-08-31 16:46:54.168642+00
34	django_celery_beat	0006_auto_20180322_0932	2025-08-31 16:46:55.580801+00
35	django_celery_beat	0007_auto_20180521_0826	2025-08-31 16:46:56.399797+00
36	django_celery_beat	0008_auto_20180914_1922	2025-08-31 16:46:56.649786+00
37	django_celery_beat	0006_auto_20180210_1226	2025-08-31 16:46:57.066119+00
38	django_celery_beat	0006_periodictask_priority	2025-08-31 16:46:57.730942+00
39	django_celery_beat	0009_periodictask_headers	2025-08-31 16:46:58.332061+00
40	django_celery_beat	0010_auto_20190429_0326	2025-08-31 16:46:58.798311+00
41	django_celery_beat	0011_auto_20190508_0153	2025-08-31 16:46:59.880841+00
42	django_celery_beat	0012_periodictask_expire_seconds	2025-08-31 16:47:00.286996+00
43	django_celery_beat	0013_auto_20200609_0727	2025-08-31 16:47:00.517325+00
44	django_celery_beat	0014_remove_clockedschedule_enabled	2025-08-31 16:47:01.109771+00
45	django_celery_beat	0015_edit_solarschedule_events_choices	2025-08-31 16:47:01.322832+00
46	django_celery_beat	0016_alter_crontabschedule_timezone	2025-08-31 16:47:01.633652+00
47	django_celery_beat	0017_alter_crontabschedule_month_of_year	2025-08-31 16:47:01.945898+00
48	django_celery_beat	0018_improve_crontab_helptext	2025-08-31 16:47:02.348614+00
49	django_celery_beat	0019_alter_periodictasks_options	2025-08-31 16:47:02.624686+00
\.


--
-- TOC entry 3842 (class 0 OID 16816)
-- Dependencies: 269
-- Data for Name: django_session; Type: TABLE DATA; Schema: public; Owner: postgres
--

COPY public.django_session (session_key, session_data, expire_date) FROM stdin;
1gxhm6wctzodc6m2vo5ifqpkqs2st85d	.eJxVjEEOwiAQRe_C2hCgMBSX7j0DGWaoVA0kpV0Z765NutDtf-_9l4i4rSVuPS9xZnEWWpx-t4T0yHUHfMd6a5JaXZc5yV2RB-3y2jg_L4f7d1Cwl28NkNgjAVPWehppAA7EkExSwTtWkxkMOZcHVKBptBRsUAkdWmAfUIn3B_4jOCs:1usnr9:k_DM22R8V79ygVbW5YdkpfpV7Ca1PV0vjEjf99hPFzA	2025-09-14 19:36:51.156+00
3jh30ay8x74ud92ig81f3gctq01rxky9	.eJxVjDsOwjAQBe_iGlkOG_8o6XMGa71e4wCypTipEHeHSCmgfTPzXiLgtpawdV7CnMRFgBOn3zEiPbjuJN2x3pqkVtdljnJX5EG7nFri5_Vw_w4K9vKtFaDVZMAxKW-VzQpRJxhzQmKds_U5ghmZEXkAoyx40jBE485MnKJ4fwAe_Tj6:1ut8Tj:eQpvB89CsYHcOJQKZXkwKUUDNASeJCarwDWcrVV7UUE	2025-09-15 17:38:03.575+00
7mti8vtitwb7d2zm7jlm0glymi0yt1mt	.eJxVjDsOwyAQRO9CHSFAfFOmzxnQLrDBSQSSsSsrd48tuUjKmfdmNhZhXWpcR5njlNmVSXb57RDSq7QD5Ce0R-ept2WekB8KP-ng957L-3a6fwcVRt3XwSdpCTMGDUVoKQSRU-RE0MprMtIYHfQeA1kK3iW0ZJwqRUFWCh37fAHRWDdi:1usmch:UZKh-08QmCpj8Wd0qbgBOp6hS9VWMX1SCUtdPQD-kDs	2025-09-14 18:17:51.987+00
9boad9ho0mf86yutpj1k2mc49lk9ms6m	.eJxVjEEOwiAQRe_C2pCOdYBx6d4zEBgGqRpISrsy3l2bdKHb_977L-XDuhS_dpn9lNRZgTr8bjHwQ-oG0j3UW9Pc6jJPUW-K3mnX15bkedndv4MSevnWkWiQITpkEQc5s4zkTBglGbIgKJLRsjGOEuMRM1BGQIgMYk8WQL0_AI04Jw:1usmRj:psBxyyzgH54QVS3t7gaoShmcXXTKrkTHSq3hWTlrwf4	2025-09-14 18:06:31.409+00
d6hx0ktj49wj1scd2oqu3r55g0ztdqzc	.eJxVjDsOwjAQBe_iGlkOG_8o6XMGa71e4wCypTipEHeHSCmgfTPzXiLgtpawdV7CnMRFgBOn3zEiPbjuJN2x3pqkVtdljnJX5EG7nFri5_Vw_w4K9vKtFaDVZMAxKW-VzQpRJxhzQmKds_U5ghmZEXkAoyx40jBE485MnKJ4fwAe_Tj6:1ut8Fa:LPP894MfjRJzqfVKZLuoGjBkfU7VX1XTc1rhmBEjagY	2025-09-15 17:23:26.522+00
jfen6v6v5176wdj5licpk0n4e7vq5vfq	.eJxVjEEOwiAQRe_C2pBCmQFcuvcMZGCoVA0kpV0Z765NutDtf-_9lwi0rSVsPS9hZnEWTpx-t0jpkesO-E711mRqdV3mKHdFHrTLa-P8vBzu30GhXr61cRM6jZyUd2wzA2uNMCACGh7ARyLHnifKKSsgrXBUHowZjY1esRXvD9kfN14:1usmlH:tsiQu7WDGgoG5J2rSGTlzSoZ1XbY0ce7h8Fcr98B4EE	2025-09-14 18:26:43.968+00
jxpznrqyv6m4bz89e1kucit69ffu8oax	.eJxVjDsOwjAQBe_iGlmOfxtT0nMGa-3d4ACypTipEHeHSCmgfTPzXiLitpa4dV7iTOIsBiNOv2PC_OC6E7pjvTWZW12XOcldkQft8tqIn5fD_Tso2Mu3NgY9OhsYECYEVOhpsMEDB62UMkkHZ0BZhsl6yilZ0s6bnEfkACOJ9wf3vTfb:1ut1ZB:mvHTE-oRksorNH0bpuN6nVS3pczlMlauADkNR1ap8so	2025-09-15 10:15:13.169+00
q9hwg7pjhlhxjvcj2jkyv0pd5ovdt4nl	.eJxVjDsOwjAQBe_iGlmOfxtT0nMGa-3d4ACypTipEHeHSCmgfTPzXiLitpa4dV7iTOIsBiNOv2PC_OC6E7pjvTWZW12XOcldkQft8tqIn5fD_Tso2Mu3NgY9OhsYECYEVOhpsMEDB62UMkkHZ0BZhsl6yilZ0s6bnEfkACOJ9wf3vTfb:1ut4fq:v_0JSVIdwcEZyCJ9Ystg4iL-BlGtofGCVOUNUyHmUS4	2025-09-15 13:34:18.828+00
t3filkv8zkljpst4f3jnnnagqxeeeyfh	.eJxVjDsOwjAQBe_iGlkOG_8o6XMGa71e4wCypTipEHeHSCmgfTPzXiLgtpawdV7CnMRFgBOn3zEiPbjuJN2x3pqkVtdljnJX5EG7nFri5_Vw_w4K9vKtFaDVZMAxKW-VzQpRJxhzQmKds_U5ghmZEXkAoyx40jBE485MnKJ4fwAe_Tj6:1ut8jd:PDsK6Cf_yhFV8otSLy_ti1PeeCOuIS0rSwQ0eE-aDYA	2025-09-15 17:54:29.442+00
zbt9q9ncqtsy19w8lx9uun1oyr1af4je	.eJxVjDsOwjAQBe_iGlmOfxtT0nMGa-3d4ACypTipEHeHSCmgfTPzXiLitpa4dV7iTOIsBiNOv2PC_OC6E7pjvTWZW12XOcldkQft8tqIn5fD_Tso2Mu3NgY9OhsYECYEVOhpsMEDB62UMkkHZ0BZhsl6yilZ0s6bnEfkACOJ9wf3vTfb:1uspKL:cOfOvBjc2TpCfzq2Z3jUssfmND_y4lSbISQ_-3tos44	2025-09-14 21:11:05.93+00
\.


--
-- TOC entry 3833 (class 0 OID 16578)
-- Dependencies: 260
-- Data for Name: school_attendance; Type: TABLE DATA; Schema: public; Owner: postgres
--

COPY public.school_attendance (id, date, missed_lessons, reason, student_id, teacher_assignment_id) FROM stdin;
\.


--
-- TOC entry 3809 (class 0 OID 16488)
-- Dependencies: 236
-- Data for Name: school_customuser; Type: TABLE DATA; Schema: public; Owner: postgres
--

COPY public.school_customuser (id, password, last_login, is_superuser, username, is_staff, is_active, date_joined, role, first_name, last_name, middle_name, email, failed_login_attempts, lockout_until) FROM stdin;
13	pbkdf2_sha256$1000000$savYC7aMNgd46S2ICVe0qQ$A7PRAV3xEyaKSBCu3GIoW8ghDACjIb28ioA1Wdv5Wl0=	2025-09-01 13:34:18.819+00	t	admin1	t	t	2025-08-31 21:03:30.579+00				\N	ismailhaciyev642@gmail.com	0	\N
16	defaultpassword123	\N	f	default_teacher	f	t	2025-08-31 21:13:57.436+00	teacher	Default	Teacher	\N		0	\N
9	pbkdf2_sha256$1000000$cnkRJOYcoHXeIyrtWXHf54$NiFLuRgs9RmmI+SJzFXMkn3iQeha812T51IlkXpaeh4=	\N	f	teacher	f	t	2025-08-31 18:18:18+00	teacher	adsdfda	adsdfda	adsdfda	smoshka4@gmail.com	0	\N
17	pbkdf2_sha256$1000000$ljnZZw5e7x7TPuADIYNsVA$nB7mgZtgQ6Yqp6wNWUVftzbwA1XXjeuB02/csydb6E4=	\N	f	h.abdulrahim	f	t	2025-08-31 21:13:57.722+00	student	Hikman	AbdulRahim			0	\N
18	pbkdf2_sha256$1000000$SIoSV9tYOB9cevxaBHlfe7$WT7ymHxS8mlMWx86OU+It5VPyVCDR0cJ3XT+AWDPslM=	\N	f	c.abdurfiyev	f	t	2025-08-31 21:13:58.436+00	student	Cahandar	Abdurəfiyev	Cahan		0	\N
19	pbkdf2_sha256$1000000$lXPgChpJ8ZMCxMuuEPQHcL$+5Ezxx3h7q/foRgrRIAjBbsodZx3iMXgTztmJ06T+Hc=	\N	f	r.allahverdiyev	f	t	2025-08-31 21:13:59.1+00	student	Rüfət	Allahverdiyev	Anar		0	\N
20	pbkdf2_sha256$1000000$6h8ZitMyYOZ5kCnCWDKdKq$kIjpvUjtCwRj0Nre9gjvqXvJbvlc229bWL26gXWrFCM=	\N	f	t.barzad	f	t	2025-08-31 21:13:59.767+00	student	Teymur	Bağırzadə	Rüfət		0	\N
21	pbkdf2_sha256$1000000$tVRlTMPPistkpHol3UWNQq$DbxPuRoABouFLzMipRZ0hLPx6fJkG5oh1LPFRW+vBCE=	\N	f	q.cfrov	f	t	2025-08-31 21:14:00.492+00	student	Qalib	Cəfərov	Asif		0	\N
22	pbkdf2_sha256$1000000$H57qogsrKWzqe4nvZTxIau$j6tiBE3h9/xZzgTQpldpMerHxYIrOTWrqVAw8VYEt80=	\N	f	n.dnyamalyev	f	t	2025-08-31 21:14:01.182+00	student	Nicat	Dünyamalıyev	Rəşad		0	\N
23	pbkdf2_sha256$1000000$kZ84rLRg13r5CS3EraqnKA$VFms1bWYRB/RcFUvdi1kDOal0L64dUCwqWRa5oY49L4=	\N	f	h.hmdzad	f	t	2025-08-31 21:14:01.852+00	student	Hüseyn	Əhmədzadə	İlham		0	\N
24	pbkdf2_sha256$1000000$Vpo19dW9C1HKUswRRdJb10$h51tRefKLN4mb8LKKgH8Scc5Q4iXzqeI43ROue7yOIo=	\N	f	m.liyev	f	t	2025-08-31 21:14:02.53+00	student	Murad	Əliyev	Şahverdi		0	\N
25	pbkdf2_sha256$1000000$evC0g5hn5AGxxrw7qUIyK8$IuYOyJxq3v3C70wvUeNSf9+vyf/TN2+fMw7/CSy0jnc=	\N	f	s.liyeva	f	t	2025-08-31 21:14:03.203+00	student	Südabə	Əliyeva	Vəli		0	\N
26	pbkdf2_sha256$1000000$12rYYGiNOQut6t0evWzr7z$RKUvlKLlujVxsAg8O+PYaAcUmA1H9DC/IRDHf8cak2A=	\N	f	n.miraslanl	f	t	2025-08-31 21:14:03.895+00	student	Nursan	Əmiraslanlı	Qafqaz		0	\N
27	pbkdf2_sha256$1000000$AdQ4FPcjTAcm1aHlF9rLWG$+5tC3Bpn6HI2HMOBb3OPigxDf8gQjg5X6nVXK0X6eoU=	\N	f	z.zizov	f	t	2025-08-31 21:14:04.658+00	student	Ziya	Əzizov	Kənan		0	\N
28	pbkdf2_sha256$1000000$rlQ0ST5ROYiL0o4QMyIM71$aQcSPxGVMbmGiG1mw1Na1SihrKjuNGFJWUEgJuDmj00=	\N	f	n.hacyeva	f	t	2025-08-31 21:14:05.317+00	student	Nurcan	Hacıyeva	Vüqar		0	\N
29	pbkdf2_sha256$1000000$sCJFAcKkKAZ7Amtxc6rLYk$Z4kfzQ9qG0fvZOAbBlUt9rKgZW35lQLzOMzkOaog0Os=	\N	f	c.hsnzad	f	t	2025-08-31 21:14:05.982+00	student	Cahangir	Həsənzadə	Faiq		0	\N
30	pbkdf2_sha256$1000000$fIerfaxHD9TNWbDs3TDTTc$wgyYceW0h2V9CLicNMWk/VBw55S1TuxY5F20wnkdUaI=	\N	f	a.hmmtli	f	t	2025-08-31 21:14:06.653+00	student	Aqşin	Hümmətli	Vüqar		0	\N
31	pbkdf2_sha256$1000000$KVtiXcgDmfp98NZYk2EvnH$NuS1cYQ59+QdDMRrR4KLhRQhODINbzyrEudWlU7FPnA=	\N	f	r.ismaylzad	f	t	2025-08-31 21:14:07.407+00	student	Rəvan	İsmayılzadə	Urman		0	\N
32	pbkdf2_sha256$1000000$xm3HV8dCpXEM1cE1lrwHwx$+QEtP3FxWOYIE+QTQLGUWgJuHq1u8FCIFYmtF4mx9Lw=	\N	f	m.kazmzad	f	t	2025-08-31 21:14:08.078+00	student	Muhamməd	Kazımzadə	Abdul		0	\N
33	pbkdf2_sha256$1000000$9O5KzGwBMwk8ePN0ka6Dua$C0InQs7My8xMos8kczh8gIvgKibxDDo0ziqJOv/SFko=	\N	f	n.krimova	f	t	2025-08-31 21:14:08.415+00	student	Nənəxanım	Kərimova	Coşqun		0	\N
34	pbkdf2_sha256$1000000$XU2VlMiTBRpQRffloIV8Mt$QNVSlGrPHDl64F8UtGZXw/NkZGN7vyzb1qQfLm+Mq28=	\N	f	a.kuzahmdova	f	t	2025-08-31 21:14:09.064+00	student	Alsu	Kuzahmədova	Nailyevna		0	\N
35	pbkdf2_sha256$1000000$u8LHkhvQszxMcmfhussQgA$t6Z0naU9iPymhQyqrPhQyKM0KqGrGwK/RxgFW9IB/qE=	\N	f	f.mehdi	f	t	2025-08-31 21:14:09.704+00	student	Fəxri	Mehdi	Elçin		0	\N
36	pbkdf2_sha256$1000000$Aoh1ZXH574QP7bTbVoMCDQ$wPnFefsAqtyUPSXQheWdRUAfPut4wiKf93l4vzjAbbw=	\N	f	l.mmmdhsnli	f	t	2025-08-31 21:14:10.46+00	student	Ləman	Məmmədhəsənli	Elşən		0	\N
37	pbkdf2_sha256$1000000$G6VAqEtcK1tLmthSaXYjgy$xPzljLzC9T40fPcTYn6XPqJsw8mrbIIrsvLL9mg+RIE=	\N	f	l.mmmdhsnli1	f	t	2025-08-31 21:14:11.104+00	student	Leyla	Məmmədhəsənli	Fikrət		0	\N
38	pbkdf2_sha256$1000000$E6eLYzyMFvMxtlFwYRmM4a$n1DVXMnm/1MjHIAUNnKknpKLBgr8JpPZfTFsr5HrGJk=	2025-09-01 17:54:29.439+00	f	e.mirzzad	f	t	2025-08-31 21:14:11+00	student	Elvin	Mirzəzadə	İlqar	testsd@maids.ru	0	\N
39	pbkdf2_sha256$1000000$zMkhgtlYxLPZbyvKUzO8Xk$F+POAoNZ+KyBK3iJCPAMeY1ITwknbX1nZFjBK/tT+kw=	\N	f	x.mustafayev	f	t	2025-08-31 21:14:12.427+00	student	Xansuvar	Mustafayev	Etibar		0	\N
40	pbkdf2_sha256$1000000$7bPKeT1h4u8Xu5TQZkIEeW$WCtZQ530+B3OUptTtebOg9kIT7QsO4KzB3VfmIy0BaU=	\N	f	p.rstmov	f	t	2025-08-31 21:14:13.059+00	student	Paşa	Rüstəmov	Qiyas		0	\N
41		\N	f	e.irinov	f	t	2025-08-31 21:14:13+00	student	Elnur	Şirinov	Vidayət	miliyvofrankse777@gmail.com	0	\N
42	pbkdf2_sha256$1000000$fq4IZwsciKeDnTsYUJgQZQ$z/3Fu3bNwEaTI1ZKo2vjIvkyuqE02JKAodfaHSyUOhc=	\N	f	m.vaseem	f	t	2025-08-31 21:14:14.443+00	student	Meriden	Vaseem			0	\N
43	pbkdf2_sha256$1000000$9KdnvKbTjtC0U3qVcsuTNz$Tsg5g6s35DN50rcOhC5Wb25XMOyl2/Mkfmgni0G0UqU=	\N	f	s.yahyayev	f	t	2025-08-31 21:14:15.106+00	student	Səxavət	Yahyayev	Seymur		0	\N
44	pbkdf2_sha256$1000000$BvnaGKAbyePqRXbFGYvaje$Lf5XlT0ucVPPcQvsL3R4mVJ6zSgho3XlstqXG4GEGKw=	\N	f	b.al	f	t	2025-08-31 21:14:15.775+00	student	Bachan	Al	Yazan Munir		0	\N
52		2025-09-01 10:51:13+00	f	tyutor	t	t	2025-09-01 10:15:32+00	tutor	tyutor	tyutor	tyutor	smoshkagg@gmail.com	0	\N
54	pbkdf2_sha256$1000000$hkTI6aSftNS5E7ycCohVW0$XYsq1f38rKEij+Dgr/DoM34zIHUp0Aht/8sQWiGih3M=	\N	f	adfad	f	t	2025-09-01 13:55:32+00	student	adfad	adfad	adfad	adfad@mail.tu	0	\N
\.


--
-- TOC entry 3811 (class 0 OID 16499)
-- Dependencies: 238
-- Data for Name: school_customuser_groups; Type: TABLE DATA; Schema: public; Owner: postgres
--

COPY public.school_customuser_groups (id, customuser_id, group_id) FROM stdin;
\.


--
-- TOC entry 3813 (class 0 OID 16505)
-- Dependencies: 240
-- Data for Name: school_customuser_user_permissions; Type: TABLE DATA; Schema: public; Owner: postgres
--

COPY public.school_customuser_user_permissions (id, customuser_id, permission_id) FROM stdin;
1	52	60
\.


--
-- TOC entry 3801 (class 0 OID 16452)
-- Dependencies: 228
-- Data for Name: school_globalgradesettings; Type: TABLE DATA; Schema: public; Owner: postgres
--

COPY public.school_globalgradesettings (id, midterm_limit, final_limit) FROM stdin;
1	\N	\N
\.


--
-- TOC entry 3831 (class 0 OID 16570)
-- Dependencies: 258
-- Data for Name: school_grade; Type: TABLE DATA; Schema: public; Owner: postgres
--

COPY public.school_grade (id, activity, midterm, final, total, additional_scores, semester_id, student_id, teacher_assignment_id) FROM stdin;
18	\N	\N	\N	82	{"Mechatronic components": 82}	3	8	18
1	\N	\N	\N	84	{"Azerbaijan Language": 84}	1	8	1
2	\N	\N	\N	99	{"Introductory project": 99}	1	8	2
3	\N	\N	\N	81	{"English 1": 81}	1	8	3
4	\N	\N	\N	63	{"Fundamentals of programming 1": 63}	1	8	4
5	\N	\N	\N	78	{"Engineering mathematics 1": 78}	1	8	5
6	\N	\N	\N	76	{"Engineering mechanics 1": 76}	1	8	6
7	\N	\N	\N	72	{"Electrical Engineering 1": 72}	1	8	7
8	\N	\N	\N	91	{"Fundamentals of Programming 2": 91}	2	8	8
9	\N	\N	\N	81	{"Engineering mechanics 2": 81}	2	8	9
10	\N	\N	\N	91	{"Applied Physics": 91}	2	8	10
11	\N	\N	\N	81	{"Electronics": 81}	2	8	11
12	\N	\N	\N	71	{"Electrical engineering 2": 71}	2	8	12
13	\N	\N	\N	77	{"Engineering mathematics 2": 77}	2	8	13
14	\N	\N	\N	92	{"Technical English": 92}	2	8	14
15	\N	\N	\N	82	{"Azerbaijan history": 82}	3	8	15
16	\N	\N	\N	63	{"Control engineering 1": 63}	3	8	16
17	\N	\N	\N	71	{"Engineering mathematics 3": 71}	3	8	17
19	\N	\N	\N	86	{"Digital system": 86}	3	8	19
20	\N	\N	\N	85	{"Control Engineering 2": 85}	4	8	20
21	\N	\N	\N	75	{"Probability and Statistical methods": 75}	4	8	21
22	\N	\N	\N	85	{"Digital signal processing": 85}	4	8	22
23	\N	\N	\N	94	{"Microcomputer technology": 94}	4	8	23
24	\N	\N	\N	81	{"Electric drives and power electronics": 81}	4	8	24
25	\N	\N	\N	81	{"Modeling and simulation of dynamic systems": 81}	5	8	25
26	\N	\N	\N	91	{"Quality engineering": 91}	5	8	26
27	\N	\N	\N	61	{"Theory of strength and materials": 61}	5	8	27
28	\N	\N	\N	91	{"Manufacturing and service systems design project": 91}	5	8	28
29	\N	\N	\N	91	{"Production technology and processes": 91}	5	8	29
30	\N	\N	\N	92	{"Construction": 92}	6	8	30
31	\N	\N	\N	92	{"Flexible Manufacturing Systems (CAD/CAM)": 92}	6	8	31
32	\N	\N	\N	93	{"Fundamentals of thermodynamics": 93}	6	8	32
33	\N	\N	\N	67	{"Industrial image processing": 67}	6	8	33
34	\N	\N	\N	71	{"Fuzzy logic and control systems": 71}	6	8	34
35	\N	\N	\N	82	{"Automation technology": 82}	6	8	35
36	\N	\N	\N	71	{"Azerbaijan Language": 71}	1	9	1
37	\N	\N	\N	59	{"Introductory project": 59}	1	9	2
38	\N	\N	\N	85	{"English 1": 85}	1	9	3
39	\N	\N	\N	67	{"Fundamentals of programming 1": 67}	1	9	4
40	\N	\N	\N	78	{"Engineering mathematics 1": 78}	1	9	5
41	\N	\N	\N	74	{"Engineering mechanics 1": 74}	1	9	6
42	\N	\N	\N	66	{"Electrical Engineering 1": 66}	1	9	7
43	\N	\N	\N	61	{"Fundamentals of Programming 2": 61}	2	9	8
44	\N	\N	\N	62	{"Engineering mechanics 2": 62}	2	9	9
45	\N	\N	\N	79	{"Applied Physics": 79}	2	9	10
46	\N	\N	\N	61	{"Electronics": 61}	2	9	11
47	\N	\N	\N	61	{"Electrical engineering 2": 61}	2	9	12
48	\N	\N	\N	69	{"Engineering mathematics 2": 69}	2	9	13
49	\N	\N	\N	86	{"Technical English": 86}	2	9	14
50	\N	\N	\N	52	{"Azerbaijan history": 52}	3	9	15
51	\N	\N	\N	67	{"Control engineering 1": 67}	3	9	16
52	\N	\N	\N	61	{"Engineering mathematics 3": 61}	3	9	17
53	\N	\N	\N	81	{"Mechatronic components": 81}	3	9	18
54	\N	\N	\N	64	{"Digital system": 64}	3	9	19
55	\N	\N	\N	53	{"Control Engineering 2": 53}	4	9	20
56	\N	\N	\N	63	{"Probability and Statistical methods": 63}	4	9	21
57	\N	\N	\N	62	{"Digital signal processing": 62}	4	9	22
58	\N	\N	\N	52	{"Microcomputer technology": 52}	4	9	23
59	\N	\N	\N	58	{"Electric drives and power electronics": 58}	4	9	24
60	\N	\N	\N	51	{"Modeling and simulation of dynamic systems": 51}	5	9	25
61	\N	\N	\N	71	{"Quality engineering": 71}	5	9	26
62	\N	\N	\N	51	{"Theory of strength and materials": 51}	5	9	27
63	\N	\N	\N	71	{"Manufacturing and service systems design project": 71}	5	9	28
64	\N	\N	\N	80	{"Production technology and processes": 80}	5	9	29
65	\N	\N	\N	74	{"Construction": 74}	6	9	30
66	\N	\N	\N	72	{"Flexible Manufacturing Systems (CAD/CAM)": 72}	6	9	31
67	\N	\N	\N	79	{"Fundamentals of thermodynamics": 79}	6	9	32
68	\N	\N	\N	57	{"Industrial image processing": 57}	6	9	33
69	\N	\N	\N	55	{"Fuzzy logic and control systems": 55}	6	9	34
70	\N	\N	\N	62	{"Automation technology": 62}	6	9	35
71	\N	\N	\N	76	{"Azerbaijan Language": 76}	1	10	1
72	\N	\N	\N	83	{"Introductory project": 83}	1	10	2
73	\N	\N	\N	72	{"English 1": 72}	1	10	3
74	\N	\N	\N	87	{"Fundamentals of programming 1": 87}	1	10	4
75	\N	\N	\N	82	{"Engineering mathematics 1": 82}	1	10	5
76	\N	\N	\N	91	{"Engineering mechanics 1": 91}	1	10	6
77	\N	\N	\N	73	{"Electrical Engineering 1": 73}	1	10	7
78	\N	\N	\N	87	{"Fundamentals of Programming 2": 87}	2	10	8
79	\N	\N	\N	95	{"Engineering mechanics 2": 95}	2	10	9
80	\N	\N	\N	96	{"Applied Physics": 96}	2	10	10
81	\N	\N	\N	72	{"Electronics": 72}	2	10	11
82	\N	\N	\N	81	{"Electrical engineering 2": 81}	2	10	12
83	\N	\N	\N	78	{"Engineering mathematics 2": 78}	2	10	13
84	\N	\N	\N	86	{"Technical English": 86}	2	10	14
85	\N	\N	\N	91	{"Azerbaijan history": 91}	3	10	15
86	\N	\N	\N	71	{"Control engineering 1": 71}	3	10	16
87	\N	\N	\N	81	{"Engineering mathematics 3": 81}	3	10	17
88	\N	\N	\N	86	{"Mechatronic components": 86}	3	10	18
89	\N	\N	\N	79	{"Digital system": 79}	3	10	19
90	\N	\N	\N	71	{"Control Engineering 2": 71}	4	10	20
91	\N	\N	\N	94	{"Probability and Statistical methods": 94}	4	10	21
92	\N	\N	\N	86	{"Digital signal processing": 86}	4	10	22
93	\N	\N	\N	91	{"Microcomputer technology": 91}	4	10	23
94	\N	\N	\N	73	{"Electric drives and power electronics": 73}	4	10	24
95	\N	\N	\N	71	{"Modeling and simulation of dynamic systems": 71}	5	10	25
96	\N	\N	\N	97	{"Quality engineering": 97}	5	10	26
97	\N	\N	\N	57	{"Theory of strength and materials": 57}	5	10	27
98	\N	\N	\N	81	{"Manufacturing and service systems design project": 81}	5	10	28
99	\N	\N	\N	89	{"Production technology and processes": 89}	5	10	29
100	\N	\N	\N	77	{"Construction": 77}	6	10	30
101	\N	\N	\N	76	{"Flexible Manufacturing Systems (CAD/CAM)": 76}	6	10	31
102	\N	\N	\N	97	{"Fundamentals of thermodynamics": 97}	6	10	32
103	\N	\N	\N	69	{"Industrial image processing": 69}	6	10	33
104	\N	\N	\N	61	{"Fuzzy logic and control systems": 61}	6	10	34
105	\N	\N	\N	68	{"Automation technology": 68}	6	10	35
106	\N	\N	\N	91	{"Azerbaijan Language": 91}	1	11	1
107	\N	\N	\N	88	{"Introductory project": 88}	1	11	2
108	\N	\N	\N	85	{"English 1": 85}	1	11	3
109	\N	\N	\N	88	{"Fundamentals of programming 1": 88}	1	11	4
110	\N	\N	\N	100	{"Engineering mathematics 1": 100}	1	11	5
111	\N	\N	\N	90	{"Engineering mechanics 1": 90}	1	11	6
112	\N	\N	\N	74	{"Electrical Engineering 1": 74}	1	11	7
113	\N	\N	\N	89	{"Fundamentals of Programming 2": 89}	2	11	8
114	\N	\N	\N	91	{"Engineering mechanics 2": 91}	2	11	9
115	\N	\N	\N	88	{"Applied Physics": 88}	2	11	10
116	\N	\N	\N	71	{"Electronics": 71}	2	11	11
117	\N	\N	\N	86	{"Electrical engineering 2": 86}	2	11	12
118	\N	\N	\N	82	{"Engineering mathematics 2": 82}	2	11	13
119	\N	\N	\N	94	{"Technical English": 94}	2	11	14
120	\N	\N	\N	81	{"Azerbaijan history": 81}	3	11	15
121	\N	\N	\N	68	{"Control engineering 1": 68}	3	11	16
122	\N	\N	\N	83	{"Engineering mathematics 3": 83}	3	11	17
123	\N	\N	\N	83	{"Mechatronic components": 83}	3	11	18
124	\N	\N	\N	87	{"Digital system": 87}	3	11	19
125	\N	\N	\N	92	{"Control Engineering 2": 92}	4	11	20
126	\N	\N	\N	99	{"Probability and Statistical methods": 99}	4	11	21
127	\N	\N	\N	96	{"Digital signal processing": 96}	4	11	22
128	\N	\N	\N	100	{"Microcomputer technology": 100}	4	11	23
129	\N	\N	\N	92	{"Electric drives and power electronics": 92}	4	11	24
130	\N	\N	\N	91	{"Modeling and simulation of dynamic systems": 91}	5	11	25
131	\N	\N	\N	100	{"Quality engineering": 100}	5	11	26
132	\N	\N	\N	84	{"Theory of strength and materials": 84}	5	11	27
133	\N	\N	\N	82	{"Manufacturing and service systems design project": 82}	5	11	28
134	\N	\N	\N	92	{"Production technology and processes": 92}	5	11	29
135	\N	\N	\N	94	{"Construction": 94}	6	11	30
136	\N	\N	\N	88	{"Flexible Manufacturing Systems (CAD/CAM)": 88}	6	11	31
137	\N	\N	\N	97	{"Fundamentals of thermodynamics": 97}	6	11	32
138	\N	\N	\N	70	{"Industrial image processing": 70}	6	11	33
139	\N	\N	\N	84	{"Fuzzy logic and control systems": 84}	6	11	34
140	\N	\N	\N	79	{"Automation technology": 79}	6	11	35
141	\N	\N	\N	66	{"Azerbaijan Language": 66}	1	12	1
142	\N	\N	\N	70	{"Introductory project": 70}	1	12	2
143	\N	\N	\N	65	{"English 1": 65}	1	12	3
144	\N	\N	\N	57	{"Fundamentals of programming 1": 57}	1	12	4
145	\N	\N	\N	76	{"Engineering mathematics 1": 76}	1	12	5
146	\N	\N	\N	63	{"Engineering mechanics 1": 63}	1	12	6
147	\N	\N	\N	65	{"Electrical Engineering 1": 65}	1	12	7
148	\N	\N	\N	87	{"Fundamentals of Programming 2": 87}	2	12	8
149	\N	\N	\N	73	{"Engineering mechanics 2": 73}	2	12	9
150	\N	\N	\N	85	{"Applied Physics": 85}	2	12	10
151	\N	\N	\N	71	{"Electronics": 71}	2	12	11
152	\N	\N	\N	58	{"Electrical engineering 2": 58}	2	12	12
153	\N	\N	\N	62	{"Engineering mathematics 2": 62}	2	12	13
154	\N	\N	\N	76	{"Technical English": 76}	2	12	14
155	\N	\N	\N	62	{"Azerbaijan history": 62}	3	12	15
156	\N	\N	\N	51	{"Control engineering 1": 51}	3	12	16
157	\N	\N	\N	57	{"Engineering mathematics 3": 57}	3	12	17
158	\N	\N	\N	85	{"Mechatronic components": 85}	3	12	18
159	\N	\N	\N	66	{"Digital system": 66}	3	12	19
160	\N	\N	\N	66	{"Control Engineering 2": 66}	4	12	20
161	\N	\N	\N	65	{"Probability and Statistical methods": 65}	4	12	21
162	\N	\N	\N	58	{"Digital signal processing": 58}	4	12	22
163	\N	\N	\N	85	{"Microcomputer technology": 85}	4	12	23
164	\N	\N	\N	79	{"Electric drives and power electronics": 79}	4	12	24
165	\N	\N	\N	61	{"Modeling and simulation of dynamic systems": 61}	5	12	25
166	\N	\N	\N	71	{"Quality engineering": 71}	5	12	26
167	\N	\N	\N	58	{"Theory of strength and materials": 58}	5	12	27
168	\N	\N	\N	62	{"Manufacturing and service systems design project": 62}	5	12	28
169	\N	\N	\N	77	{"Production technology and processes": 77}	5	12	29
170	\N	\N	\N	75	{"Construction": 75}	6	12	30
171	\N	\N	\N	74	{"Flexible Manufacturing Systems (CAD/CAM)": 74}	6	12	31
172	\N	\N	\N	81	{"Fundamentals of thermodynamics": 81}	6	12	32
173	\N	\N	\N	61	{"Industrial image processing": 61}	6	12	33
174	\N	\N	\N	52	{"Fuzzy logic and control systems": 52}	6	12	34
175	\N	\N	\N	69	{"Automation technology": 69}	6	12	35
176	\N	\N	\N	81	{"Azerbaijan Language": 81}	1	13	1
177	\N	\N	\N	94	{"Introductory project": 94}	1	13	2
178	\N	\N	\N	74	{"English 1": 74}	1	13	3
179	\N	\N	\N	74	{"Fundamentals of programming 1": 74}	1	13	4
180	\N	\N	\N	100	{"Engineering mathematics 1": 100}	1	13	5
181	\N	\N	\N	86	{"Engineering mechanics 1": 86}	1	13	6
182	\N	\N	\N	72	{"Electrical Engineering 1": 72}	1	13	7
183	\N	\N	\N	92	{"Fundamentals of Programming 2": 92}	2	13	8
184	\N	\N	\N	92	{"Engineering mechanics 2": 92}	2	13	9
185	\N	\N	\N	91	{"Applied Physics": 91}	2	13	10
186	\N	\N	\N	91	{"Electronics": 91}	2	13	11
187	\N	\N	\N	81	{"Electrical engineering 2": 81}	2	13	12
188	\N	\N	\N	75	{"Engineering mathematics 2": 75}	2	13	13
189	\N	\N	\N	86	{"Technical English": 86}	2	13	14
190	\N	\N	\N	71	{"Azerbaijan history": 71}	3	13	15
191	\N	\N	\N	61	{"Control engineering 1": 61}	3	13	16
192	\N	\N	\N	71	{"Engineering mathematics 3": 71}	3	13	17
193	\N	\N	\N	79	{"Mechatronic components": 79}	3	13	18
194	\N	\N	\N	77	{"Digital system": 77}	3	13	19
195	\N	\N	\N	81	{"Control Engineering 2": 81}	4	13	20
196	\N	\N	\N	88	{"Probability and Statistical methods": 88}	4	13	21
197	\N	\N	\N	83	{"Digital signal processing": 83}	4	13	22
198	\N	\N	\N	91	{"Microcomputer technology": 91}	4	13	23
199	\N	\N	\N	73	{"Electric drives and power electronics": 73}	4	13	24
200	\N	\N	\N	81	{"Modeling and simulation of dynamic systems": 81}	5	13	25
201	\N	\N	\N	98	{"Quality engineering": 98}	5	13	26
202	\N	\N	\N	72	{"Theory of strength and materials": 72}	5	13	27
203	\N	\N	\N	81	{"Manufacturing and service systems design project": 81}	5	13	28
204	\N	\N	\N	91	{"Production technology and processes": 91}	5	13	29
205	\N	\N	\N	85	{"Construction": 85}	6	13	30
206	\N	\N	\N	91	{"Flexible Manufacturing Systems (CAD/CAM)": 91}	6	13	31
207	\N	\N	\N	74	{"Fundamentals of thermodynamics": 74}	6	13	32
208	\N	\N	\N	57	{"Industrial image processing": 57}	6	13	33
209	\N	\N	\N	61	{"Fuzzy logic and control systems": 61}	6	13	34
210	\N	\N	\N	51	{"Automation technology": 51}	6	13	35
211	\N	\N	\N	76	{"Azerbaijan Language": 76}	1	14	1
212	\N	\N	\N	78	{"Introductory project": 78}	1	14	2
213	\N	\N	\N	90	{"English 1": 90}	1	14	3
214	\N	\N	\N	92	{"Fundamentals of programming 1": 92}	1	14	4
215	\N	\N	\N	83	{"Engineering mathematics 1": 83}	1	14	5
216	\N	\N	\N	77	{"Engineering mechanics 1": 77}	1	14	6
217	\N	\N	\N	73	{"Electrical Engineering 1": 73}	1	14	7
218	\N	\N	\N	82	{"Fundamentals of Programming 2": 82}	2	14	8
219	\N	\N	\N	86	{"Engineering mechanics 2": 86}	2	14	9
220	\N	\N	\N	82	{"Applied Physics": 82}	2	14	10
221	\N	\N	\N	71	{"Electronics": 71}	2	14	11
222	\N	\N	\N	75	{"Electrical engineering 2": 75}	2	14	12
223	\N	\N	\N	81	{"Engineering mathematics 2": 81}	2	14	13
224	\N	\N	\N	94	{"Technical English": 94}	2	14	14
225	\N	\N	\N	61	{"Azerbaijan history": 61}	3	14	15
226	\N	\N	\N	65	{"Control engineering 1": 65}	3	14	16
227	\N	\N	\N	63	{"Engineering mathematics 3": 63}	3	14	17
228	\N	\N	\N	76	{"Mechatronic components": 76}	3	14	18
229	\N	\N	\N	64	{"Digital system": 64}	3	14	19
230	\N	\N	\N	71	{"Control Engineering 2": 71}	4	14	20
231	\N	\N	\N	71	{"Probability and Statistical methods": 71}	4	14	21
232	\N	\N	\N	80	{"Digital signal processing": 80}	4	14	22
233	\N	\N	\N	98	{"Microcomputer technology": 98}	4	14	23
234	\N	\N	\N	74	{"Electric drives and power electronics": 74}	4	14	24
235	\N	\N	\N	74	{"Modeling and simulation of dynamic systems": 74}	5	14	25
236	\N	\N	\N	97	{"Quality engineering": 97}	5	14	26
237	\N	\N	\N	52	{"Theory of strength and materials": 52}	5	14	27
238	\N	\N	\N	91	{"Manufacturing and service systems design project": 91}	5	14	28
239	\N	\N	\N	82	{"Production technology and processes": 82}	5	14	29
240	\N	\N	\N	73	{"Construction": 73}	6	14	30
241	\N	\N	\N	82	{"Flexible Manufacturing Systems (CAD/CAM)": 82}	6	14	31
242	\N	\N	\N	78	{"Fundamentals of thermodynamics": 78}	6	14	32
243	\N	\N	\N	68	{"Industrial image processing": 68}	6	14	33
244	\N	\N	\N	71	{"Fuzzy logic and control systems": 71}	6	14	34
245	\N	\N	\N	65	{"Automation technology": 65}	6	14	35
246	\N	\N	\N	71	{"Azerbaijan Language": 71}	1	15	1
247	\N	\N	\N	60	{"Introductory project": 60}	1	15	2
248	\N	\N	\N	55	{"English 1": 55}	1	15	3
249	\N	\N	\N	94	{"Fundamentals of programming 1": 94}	1	15	4
250	\N	\N	\N	89	{"Engineering mathematics 1": 89}	1	15	5
251	\N	\N	\N	76	{"Engineering mechanics 1": 76}	1	15	6
252	\N	\N	\N	71	{"Electrical Engineering 1": 71}	1	15	7
253	\N	\N	\N	79	{"Fundamentals of Programming 2": 79}	2	15	8
254	\N	\N	\N	57	{"Engineering mechanics 2": 57}	2	15	9
255	\N	\N	\N	83	{"Applied Physics": 83}	2	15	10
256	\N	\N	\N	58	{"Electronics": 58}	2	15	11
257	\N	\N	\N	67	{"Electrical engineering 2": 67}	2	15	12
258	\N	\N	\N	63	{"Engineering mathematics 2": 63}	2	15	13
259	\N	\N	\N	56	{"Technical English": 56}	2	15	14
260	\N	\N	\N	67	{"Azerbaijan history": 67}	3	15	15
261	\N	\N	\N	56	{"Control engineering 1": 56}	3	15	16
262	\N	\N	\N	72	{"Engineering mathematics 3": 72}	3	15	17
263	\N	\N	\N	75	{"Mechatronic components": 75}	3	15	18
264	\N	\N	\N	61	{"Digital system": 61}	3	15	19
265	\N	\N	\N	71	{"Control Engineering 2": 71}	4	15	20
266	\N	\N	\N	65	{"Probability and Statistical methods": 65}	4	15	21
267	\N	\N	\N	51	{"Digital signal processing": 51}	4	15	22
268	\N	\N	\N	65	{"Microcomputer technology": 65}	4	15	23
269	\N	\N	\N	56	{"Electric drives and power electronics": 56}	4	15	24
270	\N	\N	\N	51	{"Modeling and simulation of dynamic systems": 51}	5	15	25
271	\N	\N	\N	66	{"Quality engineering": 66}	5	15	26
272	\N	\N	\N	52	{"Theory of strength and materials": 52}	5	15	27
273	\N	\N	\N	71	{"Manufacturing and service systems design project": 71}	5	15	28
274	\N	\N	\N	65	{"Production technology and processes": 65}	5	15	29
275	\N	\N	\N	71	{"Construction": 71}	6	15	30
276	\N	\N	\N	74	{"Flexible Manufacturing Systems (CAD/CAM)": 74}	6	15	31
277	\N	\N	\N	72	{"Fundamentals of thermodynamics": 72}	6	15	32
278	\N	\N	\N	59	{"Industrial image processing": 59}	6	15	33
279	\N	\N	\N	51	{"Fuzzy logic and control systems": 51}	6	15	34
280	\N	\N	\N	51	{"Automation technology": 51}	6	15	35
281	\N	\N	\N	91	{"Azerbaijan Language": 91}	1	16	1
282	\N	\N	\N	64	{"Introductory project": 64}	1	16	2
283	\N	\N	\N	56	{"English 1": 56}	1	16	3
284	\N	\N	\N	57	{"Fundamentals of programming 1": 57}	1	16	4
285	\N	\N	\N	93	{"Engineering mathematics 1": 93}	1	16	5
286	\N	\N	\N	82	{"Engineering mechanics 1": 82}	1	16	6
287	\N	\N	\N	75	{"Electrical Engineering 1": 75}	1	16	7
288	\N	\N	\N	77	{"Fundamentals of Programming 2": 77}	2	16	8
289	\N	\N	\N	85	{"Engineering mechanics 2": 85}	2	16	9
290	\N	\N	\N	83	{"Applied Physics": 83}	2	16	10
291	\N	\N	\N	72	{"Electronics": 72}	2	16	11
292	\N	\N	\N	71	{"Electrical engineering 2": 71}	2	16	12
293	\N	\N	\N	79	{"Engineering mathematics 2": 79}	2	16	13
294	\N	\N	\N	71	{"Technical English": 71}	2	16	14
295	\N	\N	\N	63	{"Azerbaijan history": 63}	3	16	15
296	\N	\N	\N	51	{"Control engineering 1": 51}	3	16	16
297	\N	\N	\N	76	{"Engineering mathematics 3": 76}	3	16	17
298	\N	\N	\N	75	{"Mechatronic components": 75}	3	16	18
299	\N	\N	\N	82	{"Digital system": 82}	3	16	19
300	\N	\N	\N	82	{"Control Engineering 2": 82}	4	16	20
301	\N	\N	\N	87	{"Probability and Statistical methods": 87}	4	16	21
302	\N	\N	\N	78	{"Digital signal processing": 78}	4	16	22
303	\N	\N	\N	83	{"Microcomputer technology": 83}	4	16	23
304	\N	\N	\N	91	{"Electric drives and power electronics": 91}	4	16	24
305	\N	\N	\N	64	{"Modeling and simulation of dynamic systems": 64}	5	16	25
306	\N	\N	\N	85	{"Quality engineering": 85}	5	16	26
307	\N	\N	\N	64	{"Theory of strength and materials": 64}	5	16	27
308	\N	\N	\N	81	{"Manufacturing and service systems design project": 81}	5	16	28
309	\N	\N	\N	82	{"Production technology and processes": 82}	5	16	29
310	\N	\N	\N	93	{"Construction": 93}	6	16	30
311	\N	\N	\N	87	{"Flexible Manufacturing Systems (CAD/CAM)": 87}	6	16	31
312	\N	\N	\N	84	{"Fundamentals of thermodynamics": 84}	6	16	32
313	\N	\N	\N	64	{"Industrial image processing": 64}	6	16	33
314	\N	\N	\N	73	{"Fuzzy logic and control systems": 73}	6	16	34
315	\N	\N	\N	82	{"Automation technology": 82}	6	16	35
316	\N	\N	\N	83	{"Azerbaijan Language": 83}	1	17	1
317	\N	\N	\N	66	{"Introductory project": 66}	1	17	2
318	\N	\N	\N	52	{"English 1": 52}	1	17	3
319	\N	\N	\N	57	{"Fundamentals of programming 1": 57}	1	17	4
320	\N	\N	\N	79	{"Engineering mathematics 1": 79}	1	17	5
321	\N	\N	\N	73	{"Engineering mechanics 1": 73}	1	17	6
322	\N	\N	\N	68	{"Electrical Engineering 1": 68}	1	17	7
323	\N	\N	\N	85	{"Fundamentals of Programming 2": 85}	2	17	8
324	\N	\N	\N	65	{"Engineering mechanics 2": 65}	2	17	9
325	\N	\N	\N	87	{"Applied Physics": 87}	2	17	10
326	\N	\N	\N	68	{"Electronics": 68}	2	17	11
327	\N	\N	\N	62	{"Electrical engineering 2": 62}	2	17	12
328	\N	\N	\N	62	{"Engineering mathematics 2": 62}	2	17	13
329	\N	\N	\N	56	{"Technical English": 56}	2	17	14
330	\N	\N	\N	67	{"Azerbaijan history": 67}	3	17	15
331	\N	\N	\N	51	{"Control engineering 1": 51}	3	17	16
332	\N	\N	\N	54	{"Engineering mathematics 3": 54}	3	17	17
333	\N	\N	\N	86	{"Mechatronic components": 86}	3	17	18
334	\N	\N	\N	79	{"Digital system": 79}	3	17	19
335	\N	\N	\N	71	{"Control Engineering 2": 71}	4	17	20
336	\N	\N	\N	65	{"Probability and Statistical methods": 65}	4	17	21
337	\N	\N	\N	66	{"Digital signal processing": 66}	4	17	22
338	\N	\N	\N	51	{"Microcomputer technology": 51}	4	17	23
339	\N	\N	\N	72	{"Electric drives and power electronics": 72}	4	17	24
340	\N	\N	\N	55	{"Modeling and simulation of dynamic systems": 55}	5	17	25
341	\N	\N	\N	72	{"Quality engineering": 72}	5	17	26
342	\N	\N	\N	59	{"Theory of strength and materials": 59}	5	17	27
343	\N	\N	\N	74	{"Manufacturing and service systems design project": 74}	5	17	28
344	\N	\N	\N	66	{"Production technology and processes": 66}	5	17	29
345	\N	\N	\N	72	{"Construction": 72}	6	17	30
346	\N	\N	\N	74	{"Flexible Manufacturing Systems (CAD/CAM)": 74}	6	17	31
347	\N	\N	\N	96	{"Fundamentals of thermodynamics": 96}	6	17	32
348	\N	\N	\N	71	{"Industrial image processing": 71}	6	17	33
349	\N	\N	\N	61	{"Fuzzy logic and control systems": 61}	6	17	34
350	\N	\N	\N	74	{"Automation technology": 74}	6	17	35
351	\N	\N	\N	77	{"Azerbaijan Language": 77}	1	18	1
352	\N	\N	\N	71	{"Introductory project": 71}	1	18	2
353	\N	\N	\N	61	{"English 1": 61}	1	18	3
354	\N	\N	\N	72	{"Fundamentals of programming 1": 72}	1	18	4
355	\N	\N	\N	87	{"Engineering mathematics 1": 87}	1	18	5
356	\N	\N	\N	60	{"Engineering mechanics 1": 60}	1	18	6
357	\N	\N	\N	65	{"Electrical Engineering 1": 65}	1	18	7
358	\N	\N	\N	83	{"Fundamentals of Programming 2": 83}	2	18	8
359	\N	\N	\N	78	{"Engineering mechanics 2": 78}	2	18	9
360	\N	\N	\N	91	{"Applied Physics": 91}	2	18	10
361	\N	\N	\N	73	{"Electronics": 73}	2	18	11
362	\N	\N	\N	61	{"Electrical engineering 2": 61}	2	18	12
363	\N	\N	\N	71	{"Engineering mathematics 2": 71}	2	18	13
364	\N	\N	\N	71	{"Technical English": 71}	2	18	14
365	\N	\N	\N	72	{"Azerbaijan history": 72}	3	18	15
366	\N	\N	\N	53	{"Control engineering 1": 53}	3	18	16
367	\N	\N	\N	71	{"Engineering mathematics 3": 71}	3	18	17
368	\N	\N	\N	76	{"Mechatronic components": 76}	3	18	18
369	\N	\N	\N	61	{"Digital system": 61}	3	18	19
370	\N	\N	\N	61	{"Control Engineering 2": 61}	4	18	20
371	\N	\N	\N	91	{"Probability and Statistical methods": 91}	4	18	21
372	\N	\N	\N	75	{"Digital signal processing": 75}	4	18	22
373	\N	\N	\N	87	{"Microcomputer technology": 87}	4	18	23
374	\N	\N	\N	89	{"Electric drives and power electronics": 89}	4	18	24
375	\N	\N	\N	84	{"Modeling and simulation of dynamic systems": 84}	5	18	25
376	\N	\N	\N	90	{"Quality engineering": 90}	5	18	26
377	\N	\N	\N	57	{"Theory of strength and materials": 57}	5	18	27
378	\N	\N	\N	81	{"Manufacturing and service systems design project": 81}	5	18	28
379	\N	\N	\N	91	{"Production technology and processes": 91}	5	18	29
380	\N	\N	\N	84	{"Construction": 84}	6	18	30
381	\N	\N	\N	91	{"Flexible Manufacturing Systems (CAD/CAM)": 91}	6	18	31
382	\N	\N	\N	91	{"Fundamentals of thermodynamics": 91}	6	18	32
383	\N	\N	\N	61	{"Industrial image processing": 61}	6	18	33
384	\N	\N	\N	52	{"Fuzzy logic and control systems": 52}	6	18	34
385	\N	\N	\N	72	{"Automation technology": 72}	6	18	35
386	\N	\N	\N	91	{"Azerbaijan Language": 91}	1	19	1
387	\N	\N	\N	70	{"Introductory project": 70}	1	19	2
388	\N	\N	\N	75	{"English 1": 75}	1	19	3
389	\N	\N	\N	62	{"Fundamentals of programming 1": 62}	1	19	4
390	\N	\N	\N	96	{"Engineering mathematics 1": 96}	1	19	5
391	\N	\N	\N	90	{"Engineering mechanics 1": 90}	1	19	6
392	\N	\N	\N	71	{"Electrical Engineering 1": 71}	1	19	7
393	\N	\N	\N	72	{"Fundamentals of Programming 2": 72}	2	19	8
394	\N	\N	\N	86	{"Engineering mechanics 2": 86}	2	19	9
395	\N	\N	\N	83	{"Applied Physics": 83}	2	19	10
396	\N	\N	\N	71	{"Electronics": 71}	2	19	11
397	\N	\N	\N	73	{"Electrical engineering 2": 73}	2	19	12
398	\N	\N	\N	88	{"Engineering mathematics 2": 88}	2	19	13
399	\N	\N	\N	71	{"Technical English": 71}	2	19	14
400	\N	\N	\N	72	{"Azerbaijan history": 72}	3	19	15
401	\N	\N	\N	68	{"Control engineering 1": 68}	3	19	16
402	\N	\N	\N	85	{"Engineering mathematics 3": 85}	3	19	17
403	\N	\N	\N	91	{"Mechatronic components": 91}	3	19	18
404	\N	\N	\N	79	{"Digital system": 79}	3	19	19
405	\N	\N	\N	92	{"Control Engineering 2": 92}	4	19	20
406	\N	\N	\N	89	{"Probability and Statistical methods": 89}	4	19	21
407	\N	\N	\N	87	{"Digital signal processing": 87}	4	19	22
408	\N	\N	\N	81	{"Microcomputer technology": 81}	4	19	23
409	\N	\N	\N	91	{"Electric drives and power electronics": 91}	4	19	24
410	\N	\N	\N	81	{"Modeling and simulation of dynamic systems": 81}	5	19	25
411	\N	\N	\N	96	{"Quality engineering": 96}	5	19	26
412	\N	\N	\N	72	{"Theory of strength and materials": 72}	5	19	27
413	\N	\N	\N	91	{"Manufacturing and service systems design project": 91}	5	19	28
414	\N	\N	\N	88	{"Production technology and processes": 88}	5	19	29
415	\N	\N	\N	88	{"Construction": 88}	6	19	30
416	\N	\N	\N	92	{"Flexible Manufacturing Systems (CAD/CAM)": 92}	6	19	31
417	\N	\N	\N	81	{"Fundamentals of thermodynamics": 81}	6	19	32
418	\N	\N	\N	67	{"Industrial image processing": 67}	6	19	33
419	\N	\N	\N	91	{"Fuzzy logic and control systems": 91}	6	19	34
420	\N	\N	\N	80	{"Automation technology": 80}	6	19	35
421	\N	\N	\N	85	{"Azerbaijan Language": 85}	1	20	1
422	\N	\N	\N	78	{"Introductory project": 78}	1	20	2
423	\N	\N	\N	82	{"English 1": 82}	1	20	3
424	\N	\N	\N	91	{"Fundamentals of programming 1": 91}	1	20	4
425	\N	\N	\N	100	{"Engineering mathematics 1": 100}	1	20	5
426	\N	\N	\N	98	{"Engineering mechanics 1": 98}	1	20	6
427	\N	\N	\N	77	{"Electrical Engineering 1": 77}	1	20	7
428	\N	\N	\N	82	{"Fundamentals of Programming 2": 82}	2	20	8
429	\N	\N	\N	93	{"Engineering mechanics 2": 93}	2	20	9
430	\N	\N	\N	87	{"Applied Physics": 87}	2	20	10
431	\N	\N	\N	76	{"Electronics": 76}	2	20	11
432	\N	\N	\N	81	{"Electrical engineering 2": 81}	2	20	12
433	\N	\N	\N	74	{"Engineering mathematics 2": 74}	2	20	13
434	\N	\N	\N	91	{"Technical English": 91}	2	20	14
435	\N	\N	\N	67	{"Azerbaijan history": 67}	3	20	15
436	\N	\N	\N	73	{"Control engineering 1": 73}	3	20	16
437	\N	\N	\N	81	{"Engineering mathematics 3": 81}	3	20	17
438	\N	\N	\N	82	{"Mechatronic components": 82}	3	20	18
439	\N	\N	\N	81	{"Digital system": 81}	3	20	19
440	\N	\N	\N	77	{"Control Engineering 2": 77}	4	20	20
441	\N	\N	\N	94	{"Probability and Statistical methods": 94}	4	20	21
442	\N	\N	\N	92	{"Digital signal processing": 92}	4	20	22
443	\N	\N	\N	83	{"Microcomputer technology": 83}	4	20	23
444	\N	\N	\N	75	{"Electric drives and power electronics": 75}	4	20	24
445	\N	\N	\N	62	{"Modeling and simulation of dynamic systems": 62}	5	20	25
446	\N	\N	\N	98	{"Quality engineering": 98}	5	20	26
447	\N	\N	\N	65	{"Theory of strength and materials": 65}	5	20	27
448	\N	\N	\N	73	{"Manufacturing and service systems design project": 73}	5	20	28
449	\N	\N	\N	95	{"Production technology and processes": 95}	5	20	29
450	\N	\N	\N	84	{"Construction": 84}	6	20	30
451	\N	\N	\N	86	{"Flexible Manufacturing Systems (CAD/CAM)": 86}	6	20	31
452	\N	\N	\N	95	{"Fundamentals of thermodynamics": 95}	6	20	32
453	\N	\N	\N	76	{"Industrial image processing": 76}	6	20	33
454	\N	\N	\N	71	{"Fuzzy logic and control systems": 71}	6	20	34
455	\N	\N	\N	73	{"Automation technology": 73}	6	20	35
456	\N	\N	\N	71	{"Azerbaijan Language": 71}	1	21	1
457	\N	\N	\N	79	{"Introductory project": 79}	1	21	2
458	\N	\N	\N	82	{"English 1": 82}	1	21	3
459	\N	\N	\N	91	{"Fundamentals of programming 1": 91}	1	21	4
460	\N	\N	\N	81	{"Engineering mathematics 1": 81}	1	21	5
461	\N	\N	\N	86	{"Engineering mechanics 1": 86}	1	21	6
462	\N	\N	\N	77	{"Electrical Engineering 1": 77}	1	21	7
463	\N	\N	\N	91	{"Fundamentals of Programming 2": 91}	2	21	8
464	\N	\N	\N	87	{"Engineering mechanics 2": 87}	2	21	9
465	\N	\N	\N	80	{"Applied Physics": 80}	2	21	10
466	\N	\N	\N	71	{"Electronics": 71}	2	21	11
467	\N	\N	\N	81	{"Electrical engineering 2": 81}	2	21	12
468	\N	\N	\N	79	{"Engineering mathematics 2": 79}	2	21	13
469	\N	\N	\N	87	{"Technical English": 87}	2	21	14
470	\N	\N	\N	61	{"Azerbaijan history": 61}	3	21	15
471	\N	\N	\N	71	{"Control engineering 1": 71}	3	21	16
472	\N	\N	\N	71	{"Engineering mathematics 3": 71}	3	21	17
473	\N	\N	\N	65	{"Mechatronic components": 65}	3	21	18
474	\N	\N	\N	78	{"Digital system": 78}	3	21	19
475	\N	\N	\N	51	{"Control Engineering 2": 51}	4	21	20
476	\N	\N	\N	63	{"Probability and Statistical methods": 63}	4	21	21
477	\N	\N	\N	59	{"Digital signal processing": 59}	4	21	22
478	\N	\N	\N	73	{"Microcomputer technology": 73}	4	21	23
479	\N	\N	\N	68	{"Electric drives and power electronics": 68}	4	21	24
480	\N	\N	\N	53	{"Modeling and simulation of dynamic systems": 53}	5	21	25
481	\N	\N	\N	74	{"Quality engineering": 74}	5	21	26
482	\N	\N	\N	62	{"Theory of strength and materials": 62}	5	21	27
483	\N	\N	\N	62	{"Manufacturing and service systems design project": 62}	5	21	28
484	\N	\N	\N	80	{"Production technology and processes": 80}	5	21	29
485	\N	\N	\N	68	{"Construction": 68}	6	21	30
486	\N	\N	\N	81	{"Flexible Manufacturing Systems (CAD/CAM)": 81}	6	21	31
487	\N	\N	\N	66	{"Fundamentals of thermodynamics": 66}	6	21	32
488	\N	\N	\N	57	{"Industrial image processing": 57}	6	21	33
489	\N	\N	\N	58	{"Fuzzy logic and control systems": 58}	6	21	34
490	\N	\N	\N	55	{"Automation technology": 55}	6	21	35
491	\N	\N	\N	91	{"Azerbaijan Language": 91}	1	22	1
492	\N	\N	\N	62	{"Introductory project": 62}	1	22	2
493	\N	\N	\N	92	{"English 1": 92}	1	22	3
494	\N	\N	\N	73	{"Fundamentals of programming 1": 73}	1	22	4
495	\N	\N	\N	94	{"Engineering mathematics 1": 94}	1	22	5
496	\N	\N	\N	83	{"Engineering mechanics 1": 83}	1	22	6
497	\N	\N	\N	74	{"Electrical Engineering 1": 74}	1	22	7
498	\N	\N	\N	86	{"Fundamentals of Programming 2": 86}	2	22	8
499	\N	\N	\N	89	{"Engineering mechanics 2": 89}	2	22	9
500	\N	\N	\N	95	{"Applied Physics": 95}	2	22	10
501	\N	\N	\N	71	{"Electronics": 71}	2	22	11
502	\N	\N	\N	75	{"Electrical engineering 2": 75}	2	22	12
503	\N	\N	\N	75	{"Engineering mathematics 2": 75}	2	22	13
504	\N	\N	\N	92	{"Technical English": 92}	2	22	14
505	\N	\N	\N	72	{"Azerbaijan history": 72}	3	22	15
506	\N	\N	\N	67	{"Control engineering 1": 67}	3	22	16
507	\N	\N	\N	71	{"Engineering mathematics 3": 71}	3	22	17
508	\N	\N	\N	83	{"Mechatronic components": 83}	3	22	18
509	\N	\N	\N	82	{"Digital system": 82}	3	22	19
510	\N	\N	\N	81	{"Control Engineering 2": 81}	4	22	20
511	\N	\N	\N	75	{"Probability and Statistical methods": 75}	4	22	21
512	\N	\N	\N	79	{"Digital signal processing": 79}	4	22	22
513	\N	\N	\N	91	{"Microcomputer technology": 91}	4	22	23
514	\N	\N	\N	86	{"Electric drives and power electronics": 86}	4	22	24
515	\N	\N	\N	73	{"Modeling and simulation of dynamic systems": 73}	5	22	25
516	\N	\N	\N	86	{"Quality engineering": 86}	5	22	26
517	\N	\N	\N	61	{"Theory of strength and materials": 61}	5	22	27
518	\N	\N	\N	71	{"Manufacturing and service systems design project": 71}	5	22	28
519	\N	\N	\N	91	{"Production technology and processes": 91}	5	22	29
520	\N	\N	\N	76	{"Construction": 76}	6	22	30
521	\N	\N	\N	88	{"Flexible Manufacturing Systems (CAD/CAM)": 88}	6	22	31
522	\N	\N	\N	91	{"Fundamentals of thermodynamics": 91}	6	22	32
523	\N	\N	\N	64	{"Industrial image processing": 64}	6	22	33
524	\N	\N	\N	71	{"Fuzzy logic and control systems": 71}	6	22	34
525	\N	\N	\N	72	{"Automation technology": 72}	6	22	35
526	\N	\N	\N	100	{"English 1": 100}	1	23	3
527	\N	\N	\N	77	{"Fundamentals of programming 1": 77}	1	23	4
528	\N	\N	\N	88	{"Azerbaijan Language": 88}	1	24	1
529	\N	\N	\N	63	{"Introductory project": 63}	1	24	2
530	\N	\N	\N	83	{"English 1": 83}	1	24	3
531	\N	\N	\N	65	{"Fundamentals of programming 1": 65}	1	24	4
532	\N	\N	\N	96	{"Engineering mathematics 1": 96}	1	24	5
533	\N	\N	\N	77	{"Engineering mechanics 1": 77}	1	24	6
534	\N	\N	\N	81	{"Electrical Engineering 1": 81}	1	24	7
535	\N	\N	\N	95	{"Fundamentals of Programming 2": 95}	2	24	8
536	\N	\N	\N	91	{"Engineering mechanics 2": 91}	2	24	9
537	\N	\N	\N	77	{"Applied Physics": 77}	2	24	10
538	\N	\N	\N	77	{"Electronics": 77}	2	24	11
539	\N	\N	\N	87	{"Electrical engineering 2": 87}	2	24	12
540	\N	\N	\N	77	{"Engineering mathematics 2": 77}	2	24	13
541	\N	\N	\N	71	{"Technical English": 71}	2	24	14
542	\N	\N	\N	83	{"Azerbaijan history": 83}	3	24	15
543	\N	\N	\N	77	{"Control engineering 1": 77}	3	24	16
544	\N	\N	\N	83	{"Engineering mathematics 3": 83}	3	24	17
545	\N	\N	\N	91	{"Mechatronic components": 91}	3	24	18
546	\N	\N	\N	91	{"Digital system": 91}	3	24	19
547	\N	\N	\N	94	{"Control Engineering 2": 94}	4	24	20
548	\N	\N	\N	89	{"Probability and Statistical methods": 89}	4	24	21
549	\N	\N	\N	82	{"Digital signal processing": 82}	4	24	22
550	\N	\N	\N	83	{"Microcomputer technology": 83}	4	24	23
551	\N	\N	\N	82	{"Electric drives and power electronics": 82}	4	24	24
552	\N	\N	\N	84	{"Modeling and simulation of dynamic systems": 84}	5	24	25
553	\N	\N	\N	95	{"Quality engineering": 95}	5	24	26
554	\N	\N	\N	75	{"Theory of strength and materials": 75}	5	24	27
555	\N	\N	\N	73	{"Manufacturing and service systems design project": 73}	5	24	28
556	\N	\N	\N	84	{"Production technology and processes": 84}	5	24	29
557	\N	\N	\N	88	{"Construction": 88}	6	24	30
558	\N	\N	\N	91	{"Flexible Manufacturing Systems (CAD/CAM)": 91}	6	24	31
559	\N	\N	\N	81	{"Fundamentals of thermodynamics": 81}	6	24	32
560	\N	\N	\N	88	{"Industrial image processing": 88}	6	24	33
561	\N	\N	\N	91	{"Fuzzy logic and control systems": 91}	6	24	34
562	\N	\N	\N	87	{"Automation technology": 87}	6	24	35
563	\N	\N	\N	73	{"Azerbaijan Language": 73}	1	25	1
564	\N	\N	\N	77	{"Introductory project": 77}	1	25	2
565	\N	\N	\N	81	{"English 1": 81}	1	25	3
566	\N	\N	\N	62	{"Fundamentals of programming 1": 62}	1	25	4
567	\N	\N	\N	90	{"Engineering mathematics 1": 90}	1	25	5
568	\N	\N	\N	88	{"Engineering mechanics 1": 88}	1	25	6
569	\N	\N	\N	72	{"Electrical Engineering 1": 72}	1	25	7
570	\N	\N	\N	73	{"Fundamentals of Programming 2": 73}	2	25	8
571	\N	\N	\N	87	{"Engineering mechanics 2": 87}	2	25	9
572	\N	\N	\N	92	{"Applied Physics": 92}	2	25	10
573	\N	\N	\N	71	{"Electronics": 71}	2	25	11
574	\N	\N	\N	76	{"Electrical engineering 2": 76}	2	25	12
575	\N	\N	\N	95	{"Engineering mathematics 2": 95}	2	25	13
576	\N	\N	\N	74	{"Technical English": 74}	2	25	14
577	\N	\N	\N	82	{"Azerbaijan history": 82}	3	25	15
578	\N	\N	\N	71	{"Control engineering 1": 71}	3	25	16
579	\N	\N	\N	81	{"Engineering mathematics 3": 81}	3	25	17
580	\N	\N	\N	91	{"Mechatronic components": 91}	3	25	18
581	\N	\N	\N	82	{"Digital system": 82}	3	25	19
582	\N	\N	\N	91	{"Control Engineering 2": 91}	4	25	20
583	\N	\N	\N	91	{"Probability and Statistical methods": 91}	4	25	21
584	\N	\N	\N	94	{"Digital signal processing": 94}	4	25	22
585	\N	\N	\N	87	{"Microcomputer technology": 87}	4	25	23
586	\N	\N	\N	91	{"Electric drives and power electronics": 91}	4	25	24
587	\N	\N	\N	84	{"Modeling and simulation of dynamic systems": 84}	5	25	25
588	\N	\N	\N	91	{"Quality engineering": 91}	5	25	26
589	\N	\N	\N	74	{"Theory of strength and materials": 74}	5	25	27
590	\N	\N	\N	82	{"Manufacturing and service systems design project": 82}	5	25	28
591	\N	\N	\N	91	{"Production technology and processes": 91}	5	25	29
592	\N	\N	\N	92	{"Construction": 92}	6	25	30
593	\N	\N	\N	88	{"Flexible Manufacturing Systems (CAD/CAM)": 88}	6	25	31
594	\N	\N	\N	93	{"Fundamentals of thermodynamics": 93}	6	25	32
595	\N	\N	\N	71	{"Industrial image processing": 71}	6	25	33
596	\N	\N	\N	95	{"Fuzzy logic and control systems": 95}	6	25	34
597	\N	\N	\N	76	{"Automation technology": 76}	6	25	35
598	\N	\N	\N	54	{"Azerbaijan Language": 54}	1	26	1
599	\N	\N	\N	66	{"Introductory project": 66}	1	26	2
600	\N	\N	\N	100	{"English 1": 100}	1	26	3
601	\N	\N	\N	74	{"Fundamentals of programming 1": 74}	1	26	4
602	\N	\N	\N	83	{"Engineering mathematics 1": 83}	1	26	5
603	\N	\N	\N	77	{"Engineering mechanics 1": 77}	1	26	6
604	\N	\N	\N	74	{"Electrical Engineering 1": 74}	1	26	7
605	\N	\N	\N	84	{"Fundamentals of Programming 2": 84}	2	26	8
606	\N	\N	\N	85	{"Engineering mechanics 2": 85}	2	26	9
607	\N	\N	\N	75	{"Applied Physics": 75}	2	26	10
608	\N	\N	\N	71	{"Electronics": 71}	2	26	11
609	\N	\N	\N	78	{"Electrical engineering 2": 78}	2	26	12
610	\N	\N	\N	81	{"Engineering mathematics 2": 81}	2	26	13
611	\N	\N	\N	92	{"Technical English": 92}	2	26	14
612	\N	\N	\N	91	{"Azerbaijan history": 91}	3	26	15
613	\N	\N	\N	62	{"Control engineering 1": 62}	3	26	16
614	\N	\N	\N	71	{"Engineering mathematics 3": 71}	3	26	17
615	\N	\N	\N	88	{"Mechatronic components": 88}	3	26	18
616	\N	\N	\N	81	{"Digital system": 81}	3	26	19
617	\N	\N	\N	82	{"Control Engineering 2": 82}	4	26	20
618	\N	\N	\N	94	{"Probability and Statistical methods": 94}	4	26	21
619	\N	\N	\N	74	{"Digital signal processing": 74}	4	26	22
620	\N	\N	\N	99	{"Microcomputer technology": 99}	4	26	23
621	\N	\N	\N	85	{"Electric drives and power electronics": 85}	4	26	24
622	\N	\N	\N	81	{"Modeling and simulation of dynamic systems": 81}	5	26	25
623	\N	\N	\N	85	{"Quality engineering": 85}	5	26	26
624	\N	\N	\N	63	{"Theory of strength and materials": 63}	5	26	27
625	\N	\N	\N	100	{"Manufacturing and service systems design project": 100}	5	26	28
626	\N	\N	\N	93	{"Production technology and processes": 93}	5	26	29
627	\N	\N	\N	93	{"Construction": 93}	6	26	30
628	\N	\N	\N	92	{"Flexible Manufacturing Systems (CAD/CAM)": 92}	6	26	31
629	\N	\N	\N	94	{"Fundamentals of thermodynamics": 94}	6	26	32
630	\N	\N	\N	60	{"Industrial image processing": 60}	6	26	33
631	\N	\N	\N	54	{"Fuzzy logic and control systems": 54}	6	26	34
632	\N	\N	\N	73	{"Automation technology": 73}	6	26	35
633	\N	\N	\N	95	{"Azerbaijan Language": 95}	1	27	1
634	\N	\N	\N	75	{"Introductory project": 75}	1	27	2
635	\N	\N	\N	74	{"English 1": 74}	1	27	3
636	\N	\N	\N	64	{"Fundamentals of programming 1": 64}	1	27	4
637	\N	\N	\N	99	{"Engineering mathematics 1": 99}	1	27	5
638	\N	\N	\N	85	{"Engineering mechanics 1": 85}	1	27	6
639	\N	\N	\N	78	{"Electrical Engineering 1": 78}	1	27	7
640	\N	\N	\N	84	{"Fundamentals of Programming 2": 84}	2	27	8
641	\N	\N	\N	86	{"Engineering mechanics 2": 86}	2	27	9
642	\N	\N	\N	88	{"Applied Physics": 88}	2	27	10
643	\N	\N	\N	71	{"Electronics": 71}	2	27	11
644	\N	\N	\N	67	{"Electrical engineering 2": 67}	2	27	12
645	\N	\N	\N	78	{"Engineering mathematics 2": 78}	2	27	13
646	\N	\N	\N	72	{"Technical English": 72}	2	27	14
647	\N	\N	\N	92	{"Azerbaijan history": 92}	3	27	15
648	\N	\N	\N	85	{"Control engineering 1": 85}	3	27	16
649	\N	\N	\N	82	{"Engineering mathematics 3": 82}	3	27	17
650	\N	\N	\N	91	{"Mechatronic components": 91}	3	27	18
651	\N	\N	\N	89	{"Digital system": 89}	3	27	19
652	\N	\N	\N	85	{"Control Engineering 2": 85}	4	27	20
653	\N	\N	\N	88	{"Probability and Statistical methods": 88}	4	27	21
654	\N	\N	\N	87	{"Digital signal processing": 87}	4	27	22
655	\N	\N	\N	86	{"Microcomputer technology": 86}	4	27	23
656	\N	\N	\N	92	{"Electric drives and power electronics": 92}	4	27	24
657	\N	\N	\N	85	{"Modeling and simulation of dynamic systems": 85}	5	27	25
658	\N	\N	\N	92	{"Quality engineering": 92}	5	27	26
659	\N	\N	\N	61	{"Theory of strength and materials": 61}	5	27	27
660	\N	\N	\N	81	{"Manufacturing and service systems design project": 81}	5	27	28
661	\N	\N	\N	87	{"Production technology and processes": 87}	5	27	29
662	\N	\N	\N	88	{"Construction": 88}	6	27	30
663	\N	\N	\N	88	{"Flexible Manufacturing Systems (CAD/CAM)": 88}	6	27	31
664	\N	\N	\N	92	{"Fundamentals of thermodynamics": 92}	6	27	32
665	\N	\N	\N	69	{"Industrial image processing": 69}	6	27	33
666	\N	\N	\N	81	{"Fuzzy logic and control systems": 81}	6	27	34
667	\N	\N	\N	87	{"Automation technology": 87}	6	27	35
668	\N	\N	\N	97	{"Azerbaijan Language": 97}	1	28	1
669	\N	\N	\N	75	{"Introductory project": 75}	1	28	2
670	\N	\N	\N	87	{"English 1": 87}	1	28	3
671	\N	\N	\N	61	{"Fundamentals of programming 1": 61}	1	28	4
672	\N	\N	\N	96	{"Engineering mathematics 1": 96}	1	28	5
673	\N	\N	\N	89	{"Engineering mechanics 1": 89}	1	28	6
674	\N	\N	\N	81	{"Electrical Engineering 1": 81}	1	28	7
675	\N	\N	\N	69	{"Fundamentals of Programming 2": 69}	2	28	8
676	\N	\N	\N	88	{"Engineering mechanics 2": 88}	2	28	9
677	\N	\N	\N	98	{"Applied Physics": 98}	2	28	10
678	\N	\N	\N	72	{"Electronics": 72}	2	28	11
679	\N	\N	\N	65	{"Electrical engineering 2": 65}	2	28	12
680	\N	\N	\N	62	{"Engineering mathematics 2": 62}	2	28	13
681	\N	\N	\N	76	{"Technical English": 76}	2	28	14
682	\N	\N	\N	82	{"Azerbaijan history": 82}	3	28	15
683	\N	\N	\N	75	{"Control engineering 1": 75}	3	28	16
684	\N	\N	\N	91	{"Engineering mathematics 3": 91}	3	28	17
685	\N	\N	\N	94	{"Mechatronic components": 94}	3	28	18
686	\N	\N	\N	96	{"Digital system": 96}	3	28	19
687	\N	\N	\N	91	{"Control Engineering 2": 91}	4	28	20
688	\N	\N	\N	92	{"Probability and Statistical methods": 92}	4	28	21
689	\N	\N	\N	91	{"Digital signal processing": 91}	4	28	22
690	\N	\N	\N	87	{"Microcomputer technology": 87}	4	28	23
691	\N	\N	\N	83	{"Electric drives and power electronics": 83}	4	28	24
692	\N	\N	\N	91	{"Modeling and simulation of dynamic systems": 91}	5	28	25
693	\N	\N	\N	95	{"Quality engineering": 95}	5	28	26
694	\N	\N	\N	51	{"Theory of strength and materials": 51}	5	28	27
695	\N	\N	\N	77	{"Manufacturing and service systems design project": 77}	5	28	28
696	\N	\N	\N	82	{"Production technology and processes": 82}	5	28	29
697	\N	\N	\N	87	{"Construction": 87}	6	28	30
698	\N	\N	\N	88	{"Flexible Manufacturing Systems (CAD/CAM)": 88}	6	28	31
699	\N	\N	\N	92	{"Fundamentals of thermodynamics": 92}	6	28	32
700	\N	\N	\N	64	{"Industrial image processing": 64}	6	28	33
701	\N	\N	\N	61	{"Fuzzy logic and control systems": 61}	6	28	34
702	\N	\N	\N	75	{"Automation technology": 75}	6	28	35
703	\N	\N	\N	71	{"Azerbaijan Language": 71}	1	29	1
704	\N	\N	\N	84	{"Introductory project": 84}	1	29	2
705	\N	\N	\N	81	{"English 1": 81}	1	29	3
706	\N	\N	\N	78	{"Fundamentals of programming 1": 78}	1	29	4
707	\N	\N	\N	84	{"Engineering mathematics 1": 84}	1	29	5
708	\N	\N	\N	79	{"Engineering mechanics 1": 79}	1	29	6
709	\N	\N	\N	73	{"Electrical Engineering 1": 73}	1	29	7
710	\N	\N	\N	91	{"Fundamentals of Programming 2": 91}	2	29	8
711	\N	\N	\N	84	{"Engineering mechanics 2": 84}	2	29	9
712	\N	\N	\N	87	{"Applied Physics": 87}	2	29	10
713	\N	\N	\N	73	{"Electronics": 73}	2	29	11
714	\N	\N	\N	91	{"Electrical engineering 2": 91}	2	29	12
715	\N	\N	\N	82	{"Engineering mathematics 2": 82}	2	29	13
716	\N	\N	\N	86	{"Technical English": 86}	2	29	14
717	\N	\N	\N	62	{"Azerbaijan history": 62}	3	29	15
718	\N	\N	\N	67	{"Control engineering 1": 67}	3	29	16
719	\N	\N	\N	72	{"Engineering mathematics 3": 72}	3	29	17
720	\N	\N	\N	91	{"Mechatronic components": 91}	3	29	18
721	\N	\N	\N	82	{"Digital system": 82}	3	29	19
722	\N	\N	\N	91	{"Control Engineering 2": 91}	4	29	20
723	\N	\N	\N	91	{"Probability and Statistical methods": 91}	4	29	21
724	\N	\N	\N	86	{"Digital signal processing": 86}	4	29	22
725	\N	\N	\N	100	{"Microcomputer technology": 100}	4	29	23
726	\N	\N	\N	91	{"Electric drives and power electronics": 91}	4	29	24
727	\N	\N	\N	62	{"Modeling and simulation of dynamic systems": 62}	5	29	25
728	\N	\N	\N	95	{"Quality engineering": 95}	5	29	26
729	\N	\N	\N	65	{"Theory of strength and materials": 65}	5	29	27
730	\N	\N	\N	96	{"Manufacturing and service systems design project": 96}	5	29	28
731	\N	\N	\N	95	{"Production technology and processes": 95}	5	29	29
732	\N	\N	\N	83	{"Construction": 83}	6	29	30
733	\N	\N	\N	83	{"Flexible Manufacturing Systems (CAD/CAM)": 83}	6	29	31
734	\N	\N	\N	87	{"Fundamentals of thermodynamics": 87}	6	29	32
735	\N	\N	\N	83	{"Industrial image processing": 83}	6	29	33
736	\N	\N	\N	71	{"Fuzzy logic and control systems": 71}	6	29	34
737	\N	\N	\N	92	{"Automation technology": 92}	6	29	35
738	\N	\N	\N	91	{"Azerbaijan Language": 91}	1	30	1
739	\N	\N	\N	61	{"Introductory project": 61}	1	30	2
740	\N	\N	\N	91	{"English 1": 91}	1	30	3
741	\N	\N	\N	64	{"Fundamentals of programming 1": 64}	1	30	4
742	\N	\N	\N	86	{"Engineering mathematics 1": 86}	1	30	5
743	\N	\N	\N	72	{"Engineering mechanics 1": 72}	1	30	6
744	\N	\N	\N	74	{"Electrical Engineering 1": 74}	1	30	7
745	\N	\N	\N	85	{"Fundamentals of Programming 2": 85}	2	30	8
746	\N	\N	\N	85	{"Engineering mechanics 2": 85}	2	30	9
747	\N	\N	\N	86	{"Applied Physics": 86}	2	30	10
748	\N	\N	\N	71	{"Electronics": 71}	2	30	11
749	\N	\N	\N	72	{"Electrical engineering 2": 72}	2	30	12
750	\N	\N	\N	76	{"Engineering mathematics 2": 76}	2	30	13
751	\N	\N	\N	91	{"Technical English": 91}	2	30	14
752	\N	\N	\N	61	{"Azerbaijan history": 61}	3	30	15
753	\N	\N	\N	61	{"Control engineering 1": 61}	3	30	16
754	\N	\N	\N	71	{"Engineering mathematics 3": 71}	3	30	17
755	\N	\N	\N	78	{"Mechatronic components": 78}	3	30	18
756	\N	\N	\N	63	{"Digital system": 63}	3	30	19
757	\N	\N	\N	85	{"Azerbaijan Language": 85}	1	31	1
758	\N	\N	\N	88	{"Introductory project": 88}	1	31	2
759	\N	\N	\N	96	{"English 1": 96}	1	31	3
760	\N	\N	\N	82	{"Fundamentals of programming 1": 82}	1	31	4
761	\N	\N	\N	93	{"Engineering mathematics 1": 93}	1	31	5
762	\N	\N	\N	84	{"Engineering mechanics 1": 84}	1	31	6
763	\N	\N	\N	88	{"Electrical Engineering 1": 88}	1	31	7
764	\N	\N	\N	78	{"Fundamentals of Programming 2": 78}	2	31	8
765	\N	\N	\N	87	{"Engineering mechanics 2": 87}	2	31	9
766	\N	\N	\N	93	{"Applied Physics": 93}	2	31	10
767	\N	\N	\N	73	{"Electronics": 73}	2	31	11
768	\N	\N	\N	75	{"Electrical engineering 2": 75}	2	31	12
769	\N	\N	\N	71	{"Engineering mathematics 2": 71}	2	31	13
770	\N	\N	\N	84	{"Technical English": 84}	2	31	14
771	\N	\N	\N	72	{"Azerbaijan history": 72}	3	31	15
772	\N	\N	\N	61	{"Control engineering 1": 61}	3	31	16
773	\N	\N	\N	75	{"Engineering mathematics 3": 75}	3	31	17
774	\N	\N	\N	81	{"Mechatronic components": 81}	3	31	18
775	\N	\N	\N	86	{"Digital system": 86}	3	31	19
776	\N	\N	\N	71	{"Control Engineering 2": 71}	4	31	20
777	\N	\N	\N	76	{"Probability and Statistical methods": 76}	4	31	21
778	\N	\N	\N	76	{"Digital signal processing": 76}	4	31	22
779	\N	\N	\N	91	{"Microcomputer technology": 91}	4	31	23
780	\N	\N	\N	75	{"Electric drives and power electronics": 75}	4	31	24
781	\N	\N	\N	71	{"Modeling and simulation of dynamic systems": 71}	5	31	25
782	\N	\N	\N	93	{"Quality engineering": 93}	5	31	26
783	\N	\N	\N	62	{"Theory of strength and materials": 62}	5	31	27
784	\N	\N	\N	81	{"Manufacturing and service systems design project": 81}	5	31	28
785	\N	\N	\N	94	{"Production technology and processes": 94}	5	31	29
786	\N	\N	\N	84	{"Construction": 84}	6	31	30
787	\N	\N	\N	95	{"Flexible Manufacturing Systems (CAD/CAM)": 95}	6	31	31
788	\N	\N	\N	91	{"Fundamentals of thermodynamics": 91}	6	31	32
789	\N	\N	\N	79	{"Industrial image processing": 79}	6	31	33
790	\N	\N	\N	52	{"Fuzzy logic and control systems": 52}	6	31	34
791	\N	\N	\N	87	{"Automation technology": 87}	6	31	35
792	\N	\N	\N	81	{"Azerbaijan Language": 81}	1	32	1
793	\N	\N	\N	66	{"Introductory project": 66}	1	32	2
794	\N	\N	\N	71	{"English 1": 71}	1	32	3
795	\N	\N	\N	85	{"Fundamentals of programming 1": 85}	1	32	4
796	\N	\N	\N	100	{"Engineering mathematics 1": 100}	1	32	5
797	\N	\N	\N	86	{"Engineering mechanics 1": 86}	1	32	6
798	\N	\N	\N	78	{"Electrical Engineering 1": 78}	1	32	7
799	\N	\N	\N	95	{"Fundamentals of Programming 2": 95}	2	32	8
800	\N	\N	\N	79	{"Engineering mechanics 2": 79}	2	32	9
801	\N	\N	\N	77	{"Applied Physics": 77}	2	32	10
802	\N	\N	\N	83	{"Electronics": 83}	2	32	11
803	\N	\N	\N	74	{"Electrical engineering 2": 74}	2	32	12
804	\N	\N	\N	66	{"Engineering mathematics 2": 66}	2	32	13
805	\N	\N	\N	63	{"Technical English": 63}	2	32	14
806	\N	\N	\N	65	{"Azerbaijan history": 65}	3	32	15
807	\N	\N	\N	63	{"Control engineering 1": 63}	3	32	16
808	\N	\N	\N	83	{"Engineering mathematics 3": 83}	3	32	17
809	\N	\N	\N	81	{"Mechatronic components": 81}	3	32	18
810	\N	\N	\N	69	{"Digital system": 69}	3	32	19
811	\N	\N	\N	52	{"Control Engineering 2": 52}	4	32	20
812	\N	\N	\N	88	{"Probability and Statistical methods": 88}	4	32	21
813	\N	\N	\N	56	{"Digital signal processing": 56}	4	32	22
814	\N	\N	\N	52	{"Microcomputer technology": 52}	4	32	23
815	\N	\N	\N	78	{"Electric drives and power electronics": 78}	4	32	24
816	\N	\N	\N	54	{"Modeling and simulation of dynamic systems": 54}	5	32	25
817	\N	\N	\N	74	{"Quality engineering": 74}	5	32	26
818	\N	\N	\N	57	{"Theory of strength and materials": 57}	5	32	27
819	\N	\N	\N	72	{"Manufacturing and service systems design project": 72}	5	32	28
820	\N	\N	\N	74	{"Production technology and processes": 74}	5	32	29
821	\N	\N	\N	72	{"Construction": 72}	6	32	30
822	\N	\N	\N	71	{"Flexible Manufacturing Systems (CAD/CAM)": 71}	6	32	31
823	\N	\N	\N	71	{"Fundamentals of thermodynamics": 71}	6	32	32
824	\N	\N	\N	72	{"Industrial image processing": 72}	6	32	33
825	\N	\N	\N	52	{"Fuzzy logic and control systems": 52}	6	32	34
826	\N	\N	\N	68	{"Automation technology": 68}	6	32	35
827	\N	\N	\N	92	{"Azerbaijan Language": 92}	1	33	1
828	\N	\N	\N	94	{"Introductory project": 94}	1	33	2
829	\N	\N	\N	91	{"English 1": 91}	1	33	3
830	\N	\N	\N	61	{"Fundamentals of programming 1": 61}	1	33	4
831	\N	\N	\N	80	{"Engineering mathematics 1": 80}	1	33	5
832	\N	\N	\N	86	{"Engineering mechanics 1": 86}	1	33	6
833	\N	\N	\N	82	{"Electrical Engineering 1": 82}	1	33	7
834	\N	\N	\N	91	{"Fundamentals of Programming 2": 91}	2	33	8
835	\N	\N	\N	81	{"Engineering mechanics 2": 81}	2	33	9
836	\N	\N	\N	92	{"Applied Physics": 92}	2	33	10
837	\N	\N	\N	81	{"Electronics": 81}	2	33	11
838	\N	\N	\N	78	{"Electrical engineering 2": 78}	2	33	12
839	\N	\N	\N	81	{"Engineering mathematics 2": 81}	2	33	13
840	\N	\N	\N	91	{"Technical English": 91}	2	33	14
841	\N	\N	\N	83	{"Azerbaijan history": 83}	3	33	15
842	\N	\N	\N	67	{"Control engineering 1": 67}	3	33	16
843	\N	\N	\N	71	{"Engineering mathematics 3": 71}	3	33	17
844	\N	\N	\N	87	{"Mechatronic components": 87}	3	33	18
845	\N	\N	\N	87	{"Digital system": 87}	3	33	19
846	\N	\N	\N	76	{"Control Engineering 2": 76}	4	33	20
847	\N	\N	\N	81	{"Probability and Statistical methods": 81}	4	33	21
848	\N	\N	\N	96	{"Digital signal processing": 96}	4	33	22
849	\N	\N	\N	91	{"Microcomputer technology": 91}	4	33	23
850	\N	\N	\N	81	{"Electric drives and power electronics": 81}	4	33	24
851	\N	\N	\N	83	{"Modeling and simulation of dynamic systems": 83}	5	33	25
852	\N	\N	\N	83	{"Quality engineering": 83}	5	33	26
853	\N	\N	\N	55	{"Theory of strength and materials": 55}	5	33	27
854	\N	\N	\N	81	{"Manufacturing and service systems design project": 81}	5	33	28
855	\N	\N	\N	91	{"Production technology and processes": 91}	5	33	29
856	\N	\N	\N	87	{"Construction": 87}	6	33	30
857	\N	\N	\N	87	{"Flexible Manufacturing Systems (CAD/CAM)": 87}	6	33	31
858	\N	\N	\N	93	{"Fundamentals of thermodynamics": 93}	6	33	32
859	\N	\N	\N	59	{"Industrial image processing": 59}	6	33	33
860	\N	\N	\N	63	{"Fuzzy logic and control systems": 63}	6	33	34
861	\N	\N	\N	71	{"Automation technology": 71}	6	33	35
862	\N	\N	\N	74	{"Azerbaijan Language": 74}	1	34	1
863	\N	\N	\N	73	{"Introductory project": 73}	1	34	2
864	\N	\N	\N	72	{"English 1": 72}	1	34	3
865	\N	\N	\N	94	{"Fundamentals of programming 1": 94}	1	34	4
866	\N	\N	\N	95	{"Engineering mathematics 1": 95}	1	34	5
867	\N	\N	\N	96	{"Engineering mechanics 1": 96}	1	34	6
868	\N	\N	\N	83	{"Electrical Engineering 1": 83}	1	34	7
869	\N	\N	\N	87	{"Fundamentals of Programming 2": 87}	2	34	8
870	\N	\N	\N	92	{"Engineering mechanics 2": 92}	2	34	9
871	\N	\N	\N	79	{"Applied Physics": 79}	2	34	10
872	\N	\N	\N	91	{"Electronics": 91}	2	34	11
873	\N	\N	\N	85	{"Electrical engineering 2": 85}	2	34	12
874	\N	\N	\N	88	{"Engineering mathematics 2": 88}	2	34	13
875	\N	\N	\N	82	{"Technical English": 82}	2	34	14
876	\N	\N	\N	75	{"Azerbaijan history": 75}	3	34	15
877	\N	\N	\N	71	{"Control engineering 1": 71}	3	34	16
878	\N	\N	\N	98	{"Engineering mathematics 3": 98}	3	34	17
879	\N	\N	\N	95	{"Mechatronic components": 95}	3	34	18
880	\N	\N	\N	91	{"Digital system": 91}	3	34	19
881	\N	\N	\N	97	{"Control Engineering 2": 97}	4	34	20
882	\N	\N	\N	91	{"Probability and Statistical methods": 91}	4	34	21
883	\N	\N	\N	85	{"Digital signal processing": 85}	4	34	22
884	\N	\N	\N	92	{"Microcomputer technology": 92}	4	34	23
885	\N	\N	\N	92	{"Electric drives and power electronics": 92}	4	34	24
886	\N	\N	\N	74	{"Modeling and simulation of dynamic systems": 74}	5	34	25
887	\N	\N	\N	89	{"Quality engineering": 89}	5	34	26
888	\N	\N	\N	61	{"Theory of strength and materials": 61}	5	34	27
889	\N	\N	\N	81	{"Manufacturing and service systems design project": 81}	5	34	28
890	\N	\N	\N	80	{"Production technology and processes": 80}	5	34	29
891	\N	\N	\N	88	{"Construction": 88}	6	34	30
892	\N	\N	\N	88	{"Flexible Manufacturing Systems (CAD/CAM)": 88}	6	34	31
893	\N	\N	\N	91	{"Fundamentals of thermodynamics": 91}	6	34	32
894	\N	\N	\N	68	{"Industrial image processing": 68}	6	34	33
895	\N	\N	\N	81	{"Fuzzy logic and control systems": 81}	6	34	34
896	\N	\N	\N	76	{"Automation technology": 76}	6	34	35
897	\N	\N	\N	88	{"Azerbaijan Language": 88}	1	35	1
898	\N	\N	\N	100	{"Introductory project": 100}	1	35	2
899	\N	\N	\N	84	{"English 1": 84}	1	35	3
900	\N	\N	\N	91	{"Fundamentals of programming 1": 91}	1	35	4
901	\N	\N	\N	99	{"Engineering mathematics 1": 99}	1	35	5
902	\N	\N	\N	92	{"Engineering mechanics 1": 92}	1	35	6
903	\N	\N	\N	77	{"Electrical Engineering 1": 77}	1	35	7
904	\N	\N	\N	93	{"Fundamentals of Programming 2": 93}	2	35	8
905	\N	\N	\N	93	{"Engineering mechanics 2": 93}	2	35	9
906	\N	\N	\N	98	{"Applied Physics": 98}	2	35	10
907	\N	\N	\N	91	{"Electronics": 91}	2	35	11
908	\N	\N	\N	95	{"Electrical engineering 2": 95}	2	35	12
909	\N	\N	\N	91	{"Engineering mathematics 2": 91}	2	35	13
910	\N	\N	\N	95	{"Technical English": 95}	2	35	14
911	\N	\N	\N	91	{"Azerbaijan history": 91}	3	35	15
912	\N	\N	\N	82	{"Control engineering 1": 82}	3	35	16
913	\N	\N	\N	81	{"Engineering mathematics 3": 81}	3	35	17
914	\N	\N	\N	78	{"Mechatronic components": 78}	3	35	18
915	\N	\N	\N	95	{"Digital system": 95}	3	35	19
916	\N	\N	\N	94	{"Control Engineering 2": 94}	4	35	20
917	\N	\N	\N	81	{"Probability and Statistical methods": 81}	4	35	21
918	\N	\N	\N	97	{"Digital signal processing": 97}	4	35	22
919	\N	\N	\N	92	{"Microcomputer technology": 92}	4	35	23
920	\N	\N	\N	80	{"Electric drives and power electronics": 80}	4	35	24
921	\N	\N	\N	91	{"Modeling and simulation of dynamic systems": 91}	5	35	25
922	\N	\N	\N	99	{"Quality engineering": 99}	5	35	26
923	\N	\N	\N	92	{"Theory of strength and materials": 92}	5	35	27
924	\N	\N	\N	81	{"Manufacturing and service systems design project": 81}	5	35	28
925	\N	\N	\N	83	{"Production technology and processes": 83}	5	35	29
926	\N	\N	\N	93	{"Construction": 93}	6	35	30
927	\N	\N	\N	92	{"Flexible Manufacturing Systems (CAD/CAM)": 92}	6	35	31
928	\N	\N	\N	96	{"Fundamentals of thermodynamics": 96}	6	35	32
929	\N	\N	\N	85	{"Industrial image processing": 85}	6	35	33
930	\N	\N	\N	91	{"Fuzzy logic and control systems": 91}	6	35	34
931	\N	\N	\N	80	{"Automation technology": 80}	6	35	35
\.


--
-- TOC entry 3817 (class 0 OID 16519)
-- Dependencies: 244
-- Data for Name: school_group; Type: TABLE DATA; Schema: public; Owner: postgres
--

COPY public.school_group (id, name) FROM stdin;
1	ZU-04.22
2	ZU-077
\.


--
-- TOC entry 3819 (class 0 OID 16527)
-- Dependencies: 246
-- Data for Name: school_group_students; Type: TABLE DATA; Schema: public; Owner: postgres
--

COPY public.school_group_students (id, group_id, studentprofile_id) FROM stdin;
1	1	8
2	1	9
3	1	10
4	1	11
5	1	12
6	1	13
7	1	14
8	1	15
9	1	16
10	1	17
11	1	18
12	1	19
13	1	20
14	1	21
15	1	22
16	1	23
17	1	24
18	1	25
19	1	26
20	1	27
21	1	28
22	1	29
23	1	30
24	1	31
25	1	32
26	1	33
27	1	34
28	1	35
\.


--
-- TOC entry 3823 (class 0 OID 16540)
-- Dependencies: 250
-- Data for Name: school_material; Type: TABLE DATA; Schema: public; Owner: postgres
--

COPY public.school_material (id, title, file, uploaded_at, teacher_assignment_id) FROM stdin;
\.


--
-- TOC entry 3803 (class 0 OID 16460)
-- Dependencies: 230
-- Data for Name: school_room; Type: TABLE DATA; Schema: public; Owner: postgres
--

COPY public.school_room (id, number, building, capacity) FROM stdin;
\.


--
-- TOC entry 3829 (class 0 OID 16560)
-- Dependencies: 256
-- Data for Name: school_scheduleentry; Type: TABLE DATA; Schema: public; Owner: postgres
--

COPY public.school_scheduleentry (id, weekday, week_type, time_slot, group_id, room_id, scheduler_id, teacher_id, subject_id) FROM stdin;
\.


--
-- TOC entry 3805 (class 0 OID 16469)
-- Dependencies: 232
-- Data for Name: school_semester; Type: TABLE DATA; Schema: public; Owner: postgres
--

COPY public.school_semester (id, number, start_date, end_date) FROM stdin;
1	1	2023-09-01	2024-01-31
2	2	2023-09-01	2024-01-31
3	3	2023-09-01	2024-01-31
4	4	2023-09-01	2024-01-31
5	5	2023-09-01	2024-01-31
6	6	2023-09-01	2024-01-31
\.


--
-- TOC entry 3815 (class 0 OID 16511)
-- Dependencies: 242
-- Data for Name: school_studentprofile; Type: TABLE DATA; Schema: public; Owner: postgres
--

COPY public.school_studentprofile (id, user_id) FROM stdin;
8	17
9	18
10	19
11	20
12	21
13	22
14	23
15	24
16	25
17	26
18	27
19	28
20	29
21	30
22	31
23	32
24	33
25	34
26	35
27	36
28	37
29	38
30	39
31	40
32	41
33	42
34	43
35	44
38	54
\.


--
-- TOC entry 3807 (class 0 OID 16478)
-- Dependencies: 234
-- Data for Name: school_subject; Type: TABLE DATA; Schema: public; Owner: postgres
--

COPY public.school_subject (id, name, description, credits) FROM stdin;
1	Azerbaijan Language	Предмет: Azerbaijan Language	0
2	Introductory project	Предмет: Introductory project	0
3	English 1	Предмет: English 1	0
4	Fundamentals of programming 1	Предмет: Fundamentals of programming 1	0
5	Engineering mathematics 1	Предмет: Engineering mathematics 1	0
6	Engineering mechanics 1	Предмет: Engineering mechanics 1	0
7	Electrical Engineering 1	Предмет: Electrical Engineering 1	0
8	Fundamentals of Programming 2	Предмет: Fundamentals of Programming 2	0
9	Engineering mechanics 2	Предмет: Engineering mechanics 2	0
10	Applied Physics	Предмет: Applied Physics	0
11	Electronics	Предмет: Electronics	0
12	Electrical engineering 2	Предмет: Electrical engineering 2	0
13	Engineering mathematics 2	Предмет: Engineering mathematics 2	0
14	Technical English	Предмет: Technical English	0
15	Azerbaijan history	Предмет: Azerbaijan history	0
16	Control engineering 1	Предмет: Control engineering 1	0
17	Engineering mathematics 3	Предмет: Engineering mathematics 3	0
18	Mechatronic components	Предмет: Mechatronic components	0
19	Digital system	Предмет: Digital system	0
20	Control Engineering 2	Предмет: Control Engineering 2	0
21	Probability and Statistical methods	Предмет: Probability and Statistical methods	0
22	Digital signal processing	Предмет: Digital signal processing	0
23	Microcomputer technology	Предмет: Microcomputer technology	0
24	Electric drives and power electronics	Предмет: Electric drives and power electronics	0
25	Modeling and simulation of dynamic systems	Предмет: Modeling and simulation of dynamic systems	0
26	Quality engineering	Предмет: Quality engineering	0
27	Theory of strength and materials	Предмет: Theory of strength and materials	0
28	Manufacturing and service systems design project	Предмет: Manufacturing and service systems design project	0
29	Production technology and processes	Предмет: Production technology and processes	0
30	Construction	Предмет: Construction	0
31	Flexible Manufacturing Systems (CAD/CAM)	Предмет: Flexible Manufacturing Systems (CAD/CAM)	0
32	Fundamentals of thermodynamics	Предмет: Fundamentals of thermodynamics	0
33	Industrial image processing	Предмет: Industrial image processing	0
34	Fuzzy logic and control systems	Предмет: Fuzzy logic and control systems	0
35	Automation technology	Предмет: Automation technology	0
\.


--
-- TOC entry 3821 (class 0 OID 16533)
-- Dependencies: 248
-- Data for Name: school_teacherassignment; Type: TABLE DATA; Schema: public; Owner: postgres
--

COPY public.school_teacherassignment (id, num_sg, group_id, semester_id, subject_id, teacher_id) FROM stdin;
1	0	1	1	1	16
2	0	1	1	2	16
3	0	1	1	3	16
4	0	1	1	4	16
5	0	1	1	5	16
6	0	1	1	6	16
7	0	1	1	7	16
8	0	1	2	8	16
9	0	1	2	9	16
10	0	1	2	10	16
11	0	1	2	11	16
12	0	1	2	12	16
13	0	1	2	13	16
14	0	1	2	14	16
15	0	1	3	15	16
16	0	1	3	16	16
17	0	1	3	17	16
18	0	1	3	18	16
19	0	1	3	19	16
20	0	1	4	20	16
21	0	1	4	21	16
22	0	1	4	22	16
23	0	1	4	23	16
24	0	1	4	24	16
25	0	1	5	25	16
26	0	1	5	26	16
27	0	1	5	27	16
28	0	1	5	28	16
29	0	1	5	29	16
30	0	1	6	30	16
31	0	1	6	31	16
32	0	1	6	32	16
33	0	1	6	33	16
34	0	1	6	34	16
35	0	1	6	35	16
\.


--
-- TOC entry 3825 (class 0 OID 16546)
-- Dependencies: 252
-- Data for Name: school_tutorprofile; Type: TABLE DATA; Schema: public; Owner: postgres
--

COPY public.school_tutorprofile (id, user_id) FROM stdin;
1	52
\.


--
-- TOC entry 3827 (class 0 OID 16554)
-- Dependencies: 254
-- Data for Name: school_tutorprofile_groups; Type: TABLE DATA; Schema: public; Owner: postgres
--

COPY public.school_tutorprofile_groups (id, tutorprofile_id, group_id) FROM stdin;
1	1	1
2	1	2
\.


--
-- TOC entry 3859 (class 0 OID 0)
-- Dependencies: 223
-- Name: auth_group_id_seq; Type: SEQUENCE SET; Schema: public; Owner: postgres
--

SELECT pg_catalog.setval('public.auth_group_id_seq', 1, false);


--
-- TOC entry 3860 (class 0 OID 0)
-- Dependencies: 225
-- Name: auth_group_permissions_id_seq; Type: SEQUENCE SET; Schema: public; Owner: postgres
--

SELECT pg_catalog.setval('public.auth_group_permissions_id_seq', 1, false);


--
-- TOC entry 3861 (class 0 OID 0)
-- Dependencies: 221
-- Name: auth_permission_id_seq; Type: SEQUENCE SET; Schema: public; Owner: postgres
--

SELECT pg_catalog.setval('public.auth_permission_id_seq', 108, true);


--
-- TOC entry 3862 (class 0 OID 0)
-- Dependencies: 263
-- Name: axes_accessattempt_id_seq; Type: SEQUENCE SET; Schema: public; Owner: postgres
--

SELECT pg_catalog.setval('public.axes_accessattempt_id_seq', 2, true);


--
-- TOC entry 3863 (class 0 OID 0)
-- Dependencies: 267
-- Name: axes_accessfailurelog_id_seq; Type: SEQUENCE SET; Schema: public; Owner: postgres
--

SELECT pg_catalog.setval('public.axes_accessfailurelog_id_seq', 1, false);


--
-- TOC entry 3864 (class 0 OID 0)
-- Dependencies: 265
-- Name: axes_accesslog_id_seq; Type: SEQUENCE SET; Schema: public; Owner: postgres
--

SELECT pg_catalog.setval('public.axes_accesslog_id_seq', 13, true);


--
-- TOC entry 3865 (class 0 OID 0)
-- Dependencies: 261
-- Name: django_admin_log_id_seq; Type: SEQUENCE SET; Schema: public; Owner: postgres
--

SELECT pg_catalog.setval('public.django_admin_log_id_seq', 12, true);


--
-- TOC entry 3866 (class 0 OID 0)
-- Dependencies: 279
-- Name: django_celery_beat_clockedschedule_id_seq; Type: SEQUENCE SET; Schema: public; Owner: postgres
--

SELECT pg_catalog.setval('public.django_celery_beat_clockedschedule_id_seq', 1, false);


--
-- TOC entry 3867 (class 0 OID 0)
-- Dependencies: 270
-- Name: django_celery_beat_crontabschedule_id_seq; Type: SEQUENCE SET; Schema: public; Owner: postgres
--

SELECT pg_catalog.setval('public.django_celery_beat_crontabschedule_id_seq', 1, false);


--
-- TOC entry 3868 (class 0 OID 0)
-- Dependencies: 272
-- Name: django_celery_beat_intervalschedule_id_seq; Type: SEQUENCE SET; Schema: public; Owner: postgres
--

SELECT pg_catalog.setval('public.django_celery_beat_intervalschedule_id_seq', 1, false);


--
-- TOC entry 3869 (class 0 OID 0)
-- Dependencies: 274
-- Name: django_celery_beat_periodictask_id_seq; Type: SEQUENCE SET; Schema: public; Owner: postgres
--

SELECT pg_catalog.setval('public.django_celery_beat_periodictask_id_seq', 1, false);


--
-- TOC entry 3870 (class 0 OID 0)
-- Dependencies: 277
-- Name: django_celery_beat_solarschedule_id_seq; Type: SEQUENCE SET; Schema: public; Owner: postgres
--

SELECT pg_catalog.setval('public.django_celery_beat_solarschedule_id_seq', 1, false);


--
-- TOC entry 3871 (class 0 OID 0)
-- Dependencies: 219
-- Name: django_content_type_id_seq; Type: SEQUENCE SET; Schema: public; Owner: postgres
--

SELECT pg_catalog.setval('public.django_content_type_id_seq', 27, true);


--
-- TOC entry 3872 (class 0 OID 0)
-- Dependencies: 217
-- Name: django_migrations_id_seq; Type: SEQUENCE SET; Schema: public; Owner: postgres
--

SELECT pg_catalog.setval('public.django_migrations_id_seq', 49, true);


--
-- TOC entry 3873 (class 0 OID 0)
-- Dependencies: 259
-- Name: school_attendance_id_seq; Type: SEQUENCE SET; Schema: public; Owner: postgres
--

SELECT pg_catalog.setval('public.school_attendance_id_seq', 1, false);


--
-- TOC entry 3874 (class 0 OID 0)
-- Dependencies: 237
-- Name: school_customuser_groups_id_seq; Type: SEQUENCE SET; Schema: public; Owner: postgres
--

SELECT pg_catalog.setval('public.school_customuser_groups_id_seq', 1, false);


--
-- TOC entry 3875 (class 0 OID 0)
-- Dependencies: 235
-- Name: school_customuser_id_seq; Type: SEQUENCE SET; Schema: public; Owner: postgres
--

SELECT pg_catalog.setval('public.school_customuser_id_seq', 54, true);


--
-- TOC entry 3876 (class 0 OID 0)
-- Dependencies: 239
-- Name: school_customuser_user_permissions_id_seq; Type: SEQUENCE SET; Schema: public; Owner: postgres
--

SELECT pg_catalog.setval('public.school_customuser_user_permissions_id_seq', 1, true);


--
-- TOC entry 3877 (class 0 OID 0)
-- Dependencies: 227
-- Name: school_globalgradesettings_id_seq; Type: SEQUENCE SET; Schema: public; Owner: postgres
--

SELECT pg_catalog.setval('public.school_globalgradesettings_id_seq', 1, true);


--
-- TOC entry 3878 (class 0 OID 0)
-- Dependencies: 257
-- Name: school_grade_id_seq; Type: SEQUENCE SET; Schema: public; Owner: postgres
--

SELECT pg_catalog.setval('public.school_grade_id_seq', 931, true);


--
-- TOC entry 3879 (class 0 OID 0)
-- Dependencies: 243
-- Name: school_group_id_seq; Type: SEQUENCE SET; Schema: public; Owner: postgres
--

SELECT pg_catalog.setval('public.school_group_id_seq', 2, true);


--
-- TOC entry 3880 (class 0 OID 0)
-- Dependencies: 245
-- Name: school_group_students_id_seq; Type: SEQUENCE SET; Schema: public; Owner: postgres
--

SELECT pg_catalog.setval('public.school_group_students_id_seq', 28, true);


--
-- TOC entry 3881 (class 0 OID 0)
-- Dependencies: 249
-- Name: school_material_id_seq; Type: SEQUENCE SET; Schema: public; Owner: postgres
--

SELECT pg_catalog.setval('public.school_material_id_seq', 1, false);


--
-- TOC entry 3882 (class 0 OID 0)
-- Dependencies: 229
-- Name: school_room_id_seq; Type: SEQUENCE SET; Schema: public; Owner: postgres
--

SELECT pg_catalog.setval('public.school_room_id_seq', 1, false);


--
-- TOC entry 3883 (class 0 OID 0)
-- Dependencies: 255
-- Name: school_scheduleentry_id_seq; Type: SEQUENCE SET; Schema: public; Owner: postgres
--

SELECT pg_catalog.setval('public.school_scheduleentry_id_seq', 1, false);


--
-- TOC entry 3884 (class 0 OID 0)
-- Dependencies: 231
-- Name: school_semester_id_seq; Type: SEQUENCE SET; Schema: public; Owner: postgres
--

SELECT pg_catalog.setval('public.school_semester_id_seq', 6, true);


--
-- TOC entry 3885 (class 0 OID 0)
-- Dependencies: 241
-- Name: school_studentprofile_id_seq; Type: SEQUENCE SET; Schema: public; Owner: postgres
--

SELECT pg_catalog.setval('public.school_studentprofile_id_seq', 38, true);


--
-- TOC entry 3886 (class 0 OID 0)
-- Dependencies: 233
-- Name: school_subject_id_seq; Type: SEQUENCE SET; Schema: public; Owner: postgres
--

SELECT pg_catalog.setval('public.school_subject_id_seq', 35, true);


--
-- TOC entry 3887 (class 0 OID 0)
-- Dependencies: 247
-- Name: school_teacherassignment_id_seq; Type: SEQUENCE SET; Schema: public; Owner: postgres
--

SELECT pg_catalog.setval('public.school_teacherassignment_id_seq', 35, true);


--
-- TOC entry 3888 (class 0 OID 0)
-- Dependencies: 253
-- Name: school_tutorprofile_groups_id_seq; Type: SEQUENCE SET; Schema: public; Owner: postgres
--

SELECT pg_catalog.setval('public.school_tutorprofile_groups_id_seq', 2, true);


--
-- TOC entry 3889 (class 0 OID 0)
-- Dependencies: 251
-- Name: school_tutorprofile_id_seq; Type: SEQUENCE SET; Schema: public; Owner: postgres
--

SELECT pg_catalog.setval('public.school_tutorprofile_id_seq', 1, true);


--
-- TOC entry 3457 (class 2606 OID 16449)
-- Name: auth_group auth_group_name_key; Type: CONSTRAINT; Schema: public; Owner: postgres
--

ALTER TABLE ONLY public.auth_group
    ADD CONSTRAINT auth_group_name_key UNIQUE (name);


--
-- TOC entry 3462 (class 2606 OID 16435)
-- Name: auth_group_permissions auth_group_permissions_group_id_permission_id_0cd325b0_uniq; Type: CONSTRAINT; Schema: public; Owner: postgres
--

ALTER TABLE ONLY public.auth_group_permissions
    ADD CONSTRAINT auth_group_permissions_group_id_permission_id_0cd325b0_uniq UNIQUE (group_id, permission_id);


--
-- TOC entry 3465 (class 2606 OID 16424)
-- Name: auth_group_permissions auth_group_permissions_pkey; Type: CONSTRAINT; Schema: public; Owner: postgres
--

ALTER TABLE ONLY public.auth_group_permissions
    ADD CONSTRAINT auth_group_permissions_pkey PRIMARY KEY (id);


--
-- TOC entry 3459 (class 2606 OID 16416)
-- Name: auth_group auth_group_pkey; Type: CONSTRAINT; Schema: public; Owner: postgres
--

ALTER TABLE ONLY public.auth_group
    ADD CONSTRAINT auth_group_pkey PRIMARY KEY (id);


--
-- TOC entry 3452 (class 2606 OID 16426)
-- Name: auth_permission auth_permission_content_type_id_codename_01ab375a_uniq; Type: CONSTRAINT; Schema: public; Owner: postgres
--

ALTER TABLE ONLY public.auth_permission
    ADD CONSTRAINT auth_permission_content_type_id_codename_01ab375a_uniq UNIQUE (content_type_id, codename);


--
-- TOC entry 3454 (class 2606 OID 16410)
-- Name: auth_permission auth_permission_pkey; Type: CONSTRAINT; Schema: public; Owner: postgres
--

ALTER TABLE ONLY public.auth_permission
    ADD CONSTRAINT auth_permission_pkey PRIMARY KEY (id);


--
-- TOC entry 3565 (class 2606 OID 16779)
-- Name: axes_accessattempt axes_accessattempt_pkey; Type: CONSTRAINT; Schema: public; Owner: postgres
--

ALTER TABLE ONLY public.axes_accessattempt
    ADD CONSTRAINT axes_accessattempt_pkey PRIMARY KEY (id);


--
-- TOC entry 3571 (class 2606 OID 16801)
-- Name: axes_accessattempt axes_accessattempt_username_ip_address_user_agent_8ea22282_uniq; Type: CONSTRAINT; Schema: public; Owner: postgres
--

ALTER TABLE ONLY public.axes_accessattempt
    ADD CONSTRAINT axes_accessattempt_username_ip_address_user_agent_8ea22282_uniq UNIQUE (username, ip_address, user_agent);


--
-- TOC entry 3581 (class 2606 OID 16809)
-- Name: axes_accessfailurelog axes_accessfailurelog_pkey; Type: CONSTRAINT; Schema: public; Owner: postgres
--

ALTER TABLE ONLY public.axes_accessfailurelog
    ADD CONSTRAINT axes_accessfailurelog_pkey PRIMARY KEY (id);


--
-- TOC entry 3574 (class 2606 OID 16787)
-- Name: axes_accesslog axes_accesslog_pkey; Type: CONSTRAINT; Schema: public; Owner: postgres
--

ALTER TABLE ONLY public.axes_accesslog
    ADD CONSTRAINT axes_accesslog_pkey PRIMARY KEY (id);


--
-- TOC entry 3561 (class 2606 OID 16758)
-- Name: django_admin_log django_admin_log_pkey; Type: CONSTRAINT; Schema: public; Owner: postgres
--

ALTER TABLE ONLY public.django_admin_log
    ADD CONSTRAINT django_admin_log_pkey PRIMARY KEY (id);


--
-- TOC entry 3610 (class 2606 OID 16892)
-- Name: django_celery_beat_clockedschedule django_celery_beat_clockedschedule_pkey; Type: CONSTRAINT; Schema: public; Owner: postgres
--

ALTER TABLE ONLY public.django_celery_beat_clockedschedule
    ADD CONSTRAINT django_celery_beat_clockedschedule_pkey PRIMARY KEY (id);


--
-- TOC entry 3591 (class 2606 OID 16831)
-- Name: django_celery_beat_crontabschedule django_celery_beat_crontabschedule_pkey; Type: CONSTRAINT; Schema: public; Owner: postgres
--

ALTER TABLE ONLY public.django_celery_beat_crontabschedule
    ADD CONSTRAINT django_celery_beat_crontabschedule_pkey PRIMARY KEY (id);


--
-- TOC entry 3593 (class 2606 OID 16837)
-- Name: django_celery_beat_intervalschedule django_celery_beat_intervalschedule_pkey; Type: CONSTRAINT; Schema: public; Owner: postgres
--

ALTER TABLE ONLY public.django_celery_beat_intervalschedule
    ADD CONSTRAINT django_celery_beat_intervalschedule_pkey PRIMARY KEY (id);


--
-- TOC entry 3599 (class 2606 OID 16848)
-- Name: django_celery_beat_periodictask django_celery_beat_periodictask_name_key; Type: CONSTRAINT; Schema: public; Owner: postgres
--

ALTER TABLE ONLY public.django_celery_beat_periodictask
    ADD CONSTRAINT django_celery_beat_periodictask_name_key UNIQUE (name);


--
-- TOC entry 3601 (class 2606 OID 16846)
-- Name: django_celery_beat_periodictask django_celery_beat_periodictask_pkey; Type: CONSTRAINT; Schema: public; Owner: postgres
--

ALTER TABLE ONLY public.django_celery_beat_periodictask
    ADD CONSTRAINT django_celery_beat_periodictask_pkey PRIMARY KEY (id);


--
-- TOC entry 3604 (class 2606 OID 16853)
-- Name: django_celery_beat_periodictasks django_celery_beat_periodictasks_pkey; Type: CONSTRAINT; Schema: public; Owner: postgres
--

ALTER TABLE ONLY public.django_celery_beat_periodictasks
    ADD CONSTRAINT django_celery_beat_periodictasks_pkey PRIMARY KEY (ident);


--
-- TOC entry 3606 (class 2606 OID 16880)
-- Name: django_celery_beat_solarschedule django_celery_beat_solar_event_latitude_longitude_ba64999a_uniq; Type: CONSTRAINT; Schema: public; Owner: postgres
--

ALTER TABLE ONLY public.django_celery_beat_solarschedule
    ADD CONSTRAINT django_celery_beat_solar_event_latitude_longitude_ba64999a_uniq UNIQUE (event, latitude, longitude);


--
-- TOC entry 3608 (class 2606 OID 16872)
-- Name: django_celery_beat_solarschedule django_celery_beat_solarschedule_pkey; Type: CONSTRAINT; Schema: public; Owner: postgres
--

ALTER TABLE ONLY public.django_celery_beat_solarschedule
    ADD CONSTRAINT django_celery_beat_solarschedule_pkey PRIMARY KEY (id);


--
-- TOC entry 3447 (class 2606 OID 16404)
-- Name: django_content_type django_content_type_app_label_model_76bd3d3b_uniq; Type: CONSTRAINT; Schema: public; Owner: postgres
--

ALTER TABLE ONLY public.django_content_type
    ADD CONSTRAINT django_content_type_app_label_model_76bd3d3b_uniq UNIQUE (app_label, model);


--
-- TOC entry 3449 (class 2606 OID 16402)
-- Name: django_content_type django_content_type_pkey; Type: CONSTRAINT; Schema: public; Owner: postgres
--

ALTER TABLE ONLY public.django_content_type
    ADD CONSTRAINT django_content_type_pkey PRIMARY KEY (id);


--
-- TOC entry 3445 (class 2606 OID 16396)
-- Name: django_migrations django_migrations_pkey; Type: CONSTRAINT; Schema: public; Owner: postgres
--

ALTER TABLE ONLY public.django_migrations
    ADD CONSTRAINT django_migrations_pkey PRIMARY KEY (id);


--
-- TOC entry 3588 (class 2606 OID 16822)
-- Name: django_session django_session_pkey; Type: CONSTRAINT; Schema: public; Owner: postgres
--

ALTER TABLE ONLY public.django_session
    ADD CONSTRAINT django_session_pkey PRIMARY KEY (session_key);


--
-- TOC entry 3554 (class 2606 OID 16583)
-- Name: school_attendance school_attendance_pkey; Type: CONSTRAINT; Schema: public; Owner: postgres
--

ALTER TABLE ONLY public.school_attendance
    ADD CONSTRAINT school_attendance_pkey PRIMARY KEY (id);


--
-- TOC entry 3557 (class 2606 OID 16737)
-- Name: school_attendance school_attendance_student_id_teacher_assig_8fefc150_uniq; Type: CONSTRAINT; Schema: public; Owner: postgres
--

ALTER TABLE ONLY public.school_attendance
    ADD CONSTRAINT school_attendance_student_id_teacher_assig_8fefc150_uniq UNIQUE (student_id, teacher_assignment_id, date);


--
-- TOC entry 3489 (class 2606 OID 16588)
-- Name: school_customuser_groups school_customuser_groups_customuser_id_group_id_ab64b576_uniq; Type: CONSTRAINT; Schema: public; Owner: postgres
--

ALTER TABLE ONLY public.school_customuser_groups
    ADD CONSTRAINT school_customuser_groups_customuser_id_group_id_ab64b576_uniq UNIQUE (customuser_id, group_id);


--
-- TOC entry 3492 (class 2606 OID 16503)
-- Name: school_customuser_groups school_customuser_groups_pkey; Type: CONSTRAINT; Schema: public; Owner: postgres
--

ALTER TABLE ONLY public.school_customuser_groups
    ADD CONSTRAINT school_customuser_groups_pkey PRIMARY KEY (id);


--
-- TOC entry 3483 (class 2606 OID 16495)
-- Name: school_customuser school_customuser_pkey; Type: CONSTRAINT; Schema: public; Owner: postgres
--

ALTER TABLE ONLY public.school_customuser
    ADD CONSTRAINT school_customuser_pkey PRIMARY KEY (id);


--
-- TOC entry 3494 (class 2606 OID 16602)
-- Name: school_customuser_user_permissions school_customuser_user_p_customuser_id_permission_41ebb870_uniq; Type: CONSTRAINT; Schema: public; Owner: postgres
--

ALTER TABLE ONLY public.school_customuser_user_permissions
    ADD CONSTRAINT school_customuser_user_p_customuser_id_permission_41ebb870_uniq UNIQUE (customuser_id, permission_id);


--
-- TOC entry 3498 (class 2606 OID 16509)
-- Name: school_customuser_user_permissions school_customuser_user_permissions_pkey; Type: CONSTRAINT; Schema: public; Owner: postgres
--

ALTER TABLE ONLY public.school_customuser_user_permissions
    ADD CONSTRAINT school_customuser_user_permissions_pkey PRIMARY KEY (id);


--
-- TOC entry 3486 (class 2606 OID 16497)
-- Name: school_customuser school_customuser_username_key; Type: CONSTRAINT; Schema: public; Owner: postgres
--

ALTER TABLE ONLY public.school_customuser
    ADD CONSTRAINT school_customuser_username_key UNIQUE (username);


--
-- TOC entry 3467 (class 2606 OID 16458)
-- Name: school_globalgradesettings school_globalgradesettings_pkey; Type: CONSTRAINT; Schema: public; Owner: postgres
--

ALTER TABLE ONLY public.school_globalgradesettings
    ADD CONSTRAINT school_globalgradesettings_pkey PRIMARY KEY (id);


--
-- TOC entry 3547 (class 2606 OID 16576)
-- Name: school_grade school_grade_pkey; Type: CONSTRAINT; Schema: public; Owner: postgres
--

ALTER TABLE ONLY public.school_grade
    ADD CONSTRAINT school_grade_pkey PRIMARY KEY (id);


--
-- TOC entry 3551 (class 2606 OID 16717)
-- Name: school_grade school_grade_student_id_teacher_assignment_id_20487287_uniq; Type: CONSTRAINT; Schema: public; Owner: postgres
--

ALTER TABLE ONLY public.school_grade
    ADD CONSTRAINT school_grade_student_id_teacher_assignment_id_20487287_uniq UNIQUE (student_id, teacher_assignment_id);


--
-- TOC entry 3505 (class 2606 OID 16525)
-- Name: school_group school_group_name_key; Type: CONSTRAINT; Schema: public; Owner: postgres
--

ALTER TABLE ONLY public.school_group
    ADD CONSTRAINT school_group_name_key UNIQUE (name);


--
-- TOC entry 3507 (class 2606 OID 16523)
-- Name: school_group school_group_pkey; Type: CONSTRAINT; Schema: public; Owner: postgres
--

ALTER TABLE ONLY public.school_group
    ADD CONSTRAINT school_group_pkey PRIMARY KEY (id);


--
-- TOC entry 3510 (class 2606 OID 16622)
-- Name: school_group_students school_group_students_group_id_studentprofile_id_2250ea95_uniq; Type: CONSTRAINT; Schema: public; Owner: postgres
--

ALTER TABLE ONLY public.school_group_students
    ADD CONSTRAINT school_group_students_group_id_studentprofile_id_2250ea95_uniq UNIQUE (group_id, studentprofile_id);


--
-- TOC entry 3512 (class 2606 OID 16531)
-- Name: school_group_students school_group_students_pkey; Type: CONSTRAINT; Schema: public; Owner: postgres
--

ALTER TABLE ONLY public.school_group_students
    ADD CONSTRAINT school_group_students_pkey PRIMARY KEY (id);


--
-- TOC entry 3523 (class 2606 OID 16544)
-- Name: school_material school_material_pkey; Type: CONSTRAINT; Schema: public; Owner: postgres
--

ALTER TABLE ONLY public.school_material
    ADD CONSTRAINT school_material_pkey PRIMARY KEY (id);


--
-- TOC entry 3470 (class 2606 OID 16467)
-- Name: school_room school_room_number_key; Type: CONSTRAINT; Schema: public; Owner: postgres
--

ALTER TABLE ONLY public.school_room
    ADD CONSTRAINT school_room_number_key UNIQUE (number);


--
-- TOC entry 3472 (class 2606 OID 16465)
-- Name: school_room school_room_pkey; Type: CONSTRAINT; Schema: public; Owner: postgres
--

ALTER TABLE ONLY public.school_room
    ADD CONSTRAINT school_room_pkey PRIMARY KEY (id);


--
-- TOC entry 3537 (class 2606 OID 16564)
-- Name: school_scheduleentry school_scheduleentry_pkey; Type: CONSTRAINT; Schema: public; Owner: postgres
--

ALTER TABLE ONLY public.school_scheduleentry
    ADD CONSTRAINT school_scheduleentry_pkey PRIMARY KEY (id);


--
-- TOC entry 3474 (class 2606 OID 16476)
-- Name: school_semester school_semester_number_key; Type: CONSTRAINT; Schema: public; Owner: postgres
--

ALTER TABLE ONLY public.school_semester
    ADD CONSTRAINT school_semester_number_key UNIQUE (number);


--
-- TOC entry 3476 (class 2606 OID 16474)
-- Name: school_semester school_semester_pkey; Type: CONSTRAINT; Schema: public; Owner: postgres
--

ALTER TABLE ONLY public.school_semester
    ADD CONSTRAINT school_semester_pkey PRIMARY KEY (id);


--
-- TOC entry 3500 (class 2606 OID 16515)
-- Name: school_studentprofile school_studentprofile_pkey; Type: CONSTRAINT; Schema: public; Owner: postgres
--

ALTER TABLE ONLY public.school_studentprofile
    ADD CONSTRAINT school_studentprofile_pkey PRIMARY KEY (id);


--
-- TOC entry 3502 (class 2606 OID 16517)
-- Name: school_studentprofile school_studentprofile_user_id_key; Type: CONSTRAINT; Schema: public; Owner: postgres
--

ALTER TABLE ONLY public.school_studentprofile
    ADD CONSTRAINT school_studentprofile_user_id_key UNIQUE (user_id);


--
-- TOC entry 3479 (class 2606 OID 16486)
-- Name: school_subject school_subject_name_key; Type: CONSTRAINT; Schema: public; Owner: postgres
--

ALTER TABLE ONLY public.school_subject
    ADD CONSTRAINT school_subject_name_key UNIQUE (name);


--
-- TOC entry 3481 (class 2606 OID 16484)
-- Name: school_subject school_subject_pkey; Type: CONSTRAINT; Schema: public; Owner: postgres
--

ALTER TABLE ONLY public.school_subject
    ADD CONSTRAINT school_subject_pkey PRIMARY KEY (id);


--
-- TOC entry 3516 (class 2606 OID 16538)
-- Name: school_teacherassignment school_teacherassignment_pkey; Type: CONSTRAINT; Schema: public; Owner: postgres
--

ALTER TABLE ONLY public.school_teacherassignment
    ADD CONSTRAINT school_teacherassignment_pkey PRIMARY KEY (id);


--
-- TOC entry 3521 (class 2606 OID 16636)
-- Name: school_teacherassignment school_teacherassignment_teacher_id_group_id_subj_01bc926d_uniq; Type: CONSTRAINT; Schema: public; Owner: postgres
--

ALTER TABLE ONLY public.school_teacherassignment
    ADD CONSTRAINT school_teacherassignment_teacher_id_group_id_subj_01bc926d_uniq UNIQUE (teacher_id, group_id, subject_id, semester_id);


--
-- TOC entry 3530 (class 2606 OID 16673)
-- Name: school_tutorprofile_groups school_tutorprofile_grou_tutorprofile_id_group_id_7c80f68c_uniq; Type: CONSTRAINT; Schema: public; Owner: postgres
--

ALTER TABLE ONLY public.school_tutorprofile_groups
    ADD CONSTRAINT school_tutorprofile_grou_tutorprofile_id_group_id_7c80f68c_uniq UNIQUE (tutorprofile_id, group_id);


--
-- TOC entry 3533 (class 2606 OID 16558)
-- Name: school_tutorprofile_groups school_tutorprofile_groups_pkey; Type: CONSTRAINT; Schema: public; Owner: postgres
--

ALTER TABLE ONLY public.school_tutorprofile_groups
    ADD CONSTRAINT school_tutorprofile_groups_pkey PRIMARY KEY (id);


--
-- TOC entry 3526 (class 2606 OID 16550)
-- Name: school_tutorprofile school_tutorprofile_pkey; Type: CONSTRAINT; Schema: public; Owner: postgres
--

ALTER TABLE ONLY public.school_tutorprofile
    ADD CONSTRAINT school_tutorprofile_pkey PRIMARY KEY (id);


--
-- TOC entry 3528 (class 2606 OID 16552)
-- Name: school_tutorprofile school_tutorprofile_user_id_key; Type: CONSTRAINT; Schema: public; Owner: postgres
--

ALTER TABLE ONLY public.school_tutorprofile
    ADD CONSTRAINT school_tutorprofile_user_id_key UNIQUE (user_id);


--
-- TOC entry 3543 (class 2606 OID 16568)
-- Name: school_scheduleentry unique_room_time_slot_per_scheduler; Type: CONSTRAINT; Schema: public; Owner: postgres
--

ALTER TABLE ONLY public.school_scheduleentry
    ADD CONSTRAINT unique_room_time_slot_per_scheduler UNIQUE (scheduler_id, weekday, week_type, time_slot, room_id);


--
-- TOC entry 3545 (class 2606 OID 16566)
-- Name: school_scheduleentry unique_teacher_time_slot_per_scheduler; Type: CONSTRAINT; Schema: public; Owner: postgres
--

ALTER TABLE ONLY public.school_scheduleentry
    ADD CONSTRAINT unique_teacher_time_slot_per_scheduler UNIQUE (scheduler_id, weekday, week_type, time_slot, teacher_id);


--
-- TOC entry 3455 (class 1259 OID 16450)
-- Name: auth_group_name_a6ea08ec_like; Type: INDEX; Schema: public; Owner: postgres
--

CREATE INDEX auth_group_name_a6ea08ec_like ON public.auth_group USING btree (name varchar_pattern_ops);


--
-- TOC entry 3460 (class 1259 OID 16446)
-- Name: auth_group_permissions_group_id_b120cbf9; Type: INDEX; Schema: public; Owner: postgres
--

CREATE INDEX auth_group_permissions_group_id_b120cbf9 ON public.auth_group_permissions USING btree (group_id);


--
-- TOC entry 3463 (class 1259 OID 16447)
-- Name: auth_group_permissions_permission_id_84c5c92e; Type: INDEX; Schema: public; Owner: postgres
--

CREATE INDEX auth_group_permissions_permission_id_84c5c92e ON public.auth_group_permissions USING btree (permission_id);


--
-- TOC entry 3450 (class 1259 OID 16432)
-- Name: auth_permission_content_type_id_2f476e4b; Type: INDEX; Schema: public; Owner: postgres
--

CREATE INDEX auth_permission_content_type_id_2f476e4b ON public.auth_permission USING btree (content_type_id);


--
-- TOC entry 3563 (class 1259 OID 16788)
-- Name: axes_accessattempt_ip_address_10922d9c; Type: INDEX; Schema: public; Owner: postgres
--

CREATE INDEX axes_accessattempt_ip_address_10922d9c ON public.axes_accessattempt USING btree (ip_address);


--
-- TOC entry 3566 (class 1259 OID 16790)
-- Name: axes_accessattempt_user_agent_ad89678b; Type: INDEX; Schema: public; Owner: postgres
--

CREATE INDEX axes_accessattempt_user_agent_ad89678b ON public.axes_accessattempt USING btree (user_agent);


--
-- TOC entry 3567 (class 1259 OID 16791)
-- Name: axes_accessattempt_user_agent_ad89678b_like; Type: INDEX; Schema: public; Owner: postgres
--

CREATE INDEX axes_accessattempt_user_agent_ad89678b_like ON public.axes_accessattempt USING btree (user_agent varchar_pattern_ops);


--
-- TOC entry 3568 (class 1259 OID 16792)
-- Name: axes_accessattempt_username_3f2d4ca0; Type: INDEX; Schema: public; Owner: postgres
--

CREATE INDEX axes_accessattempt_username_3f2d4ca0 ON public.axes_accessattempt USING btree (username);


--
-- TOC entry 3569 (class 1259 OID 16793)
-- Name: axes_accessattempt_username_3f2d4ca0_like; Type: INDEX; Schema: public; Owner: postgres
--

CREATE INDEX axes_accessattempt_username_3f2d4ca0_like ON public.axes_accessattempt USING btree (username varchar_pattern_ops);


--
-- TOC entry 3579 (class 1259 OID 16812)
-- Name: axes_accessfailurelog_ip_address_2e9f5a7f; Type: INDEX; Schema: public; Owner: postgres
--

CREATE INDEX axes_accessfailurelog_ip_address_2e9f5a7f ON public.axes_accessfailurelog USING btree (ip_address);


--
-- TOC entry 3582 (class 1259 OID 16810)
-- Name: axes_accessfailurelog_user_agent_ea145dda; Type: INDEX; Schema: public; Owner: postgres
--

CREATE INDEX axes_accessfailurelog_user_agent_ea145dda ON public.axes_accessfailurelog USING btree (user_agent);


--
-- TOC entry 3583 (class 1259 OID 16811)
-- Name: axes_accessfailurelog_user_agent_ea145dda_like; Type: INDEX; Schema: public; Owner: postgres
--

CREATE INDEX axes_accessfailurelog_user_agent_ea145dda_like ON public.axes_accessfailurelog USING btree (user_agent varchar_pattern_ops);


--
-- TOC entry 3584 (class 1259 OID 16813)
-- Name: axes_accessfailurelog_username_a8b7e8a4; Type: INDEX; Schema: public; Owner: postgres
--

CREATE INDEX axes_accessfailurelog_username_a8b7e8a4 ON public.axes_accessfailurelog USING btree (username);


--
-- TOC entry 3585 (class 1259 OID 16814)
-- Name: axes_accessfailurelog_username_a8b7e8a4_like; Type: INDEX; Schema: public; Owner: postgres
--

CREATE INDEX axes_accessfailurelog_username_a8b7e8a4_like ON public.axes_accessfailurelog USING btree (username varchar_pattern_ops);


--
-- TOC entry 3572 (class 1259 OID 16794)
-- Name: axes_accesslog_ip_address_86b417e5; Type: INDEX; Schema: public; Owner: postgres
--

CREATE INDEX axes_accesslog_ip_address_86b417e5 ON public.axes_accesslog USING btree (ip_address);


--
-- TOC entry 3575 (class 1259 OID 16796)
-- Name: axes_accesslog_user_agent_0e659004; Type: INDEX; Schema: public; Owner: postgres
--

CREATE INDEX axes_accesslog_user_agent_0e659004 ON public.axes_accesslog USING btree (user_agent);


--
-- TOC entry 3576 (class 1259 OID 16797)
-- Name: axes_accesslog_user_agent_0e659004_like; Type: INDEX; Schema: public; Owner: postgres
--

CREATE INDEX axes_accesslog_user_agent_0e659004_like ON public.axes_accesslog USING btree (user_agent varchar_pattern_ops);


--
-- TOC entry 3577 (class 1259 OID 16798)
-- Name: axes_accesslog_username_df93064b; Type: INDEX; Schema: public; Owner: postgres
--

CREATE INDEX axes_accesslog_username_df93064b ON public.axes_accesslog USING btree (username);


--
-- TOC entry 3578 (class 1259 OID 16799)
-- Name: axes_accesslog_username_df93064b_like; Type: INDEX; Schema: public; Owner: postgres
--

CREATE INDEX axes_accesslog_username_df93064b_like ON public.axes_accesslog USING btree (username varchar_pattern_ops);


--
-- TOC entry 3559 (class 1259 OID 16769)
-- Name: django_admin_log_content_type_id_c4bce8eb; Type: INDEX; Schema: public; Owner: postgres
--

CREATE INDEX django_admin_log_content_type_id_c4bce8eb ON public.django_admin_log USING btree (content_type_id);


--
-- TOC entry 3562 (class 1259 OID 16770)
-- Name: django_admin_log_user_id_c564eba6; Type: INDEX; Schema: public; Owner: postgres
--

CREATE INDEX django_admin_log_user_id_c564eba6 ON public.django_admin_log USING btree (user_id);


--
-- TOC entry 3594 (class 1259 OID 16898)
-- Name: django_celery_beat_periodictask_clocked_id_47a69f82; Type: INDEX; Schema: public; Owner: postgres
--

CREATE INDEX django_celery_beat_periodictask_clocked_id_47a69f82 ON public.django_celery_beat_periodictask USING btree (clocked_id);


--
-- TOC entry 3595 (class 1259 OID 16865)
-- Name: django_celery_beat_periodictask_crontab_id_d3cba168; Type: INDEX; Schema: public; Owner: postgres
--

CREATE INDEX django_celery_beat_periodictask_crontab_id_d3cba168 ON public.django_celery_beat_periodictask USING btree (crontab_id);


--
-- TOC entry 3596 (class 1259 OID 16866)
-- Name: django_celery_beat_periodictask_interval_id_a8ca27da; Type: INDEX; Schema: public; Owner: postgres
--

CREATE INDEX django_celery_beat_periodictask_interval_id_a8ca27da ON public.django_celery_beat_periodictask USING btree (interval_id);


--
-- TOC entry 3597 (class 1259 OID 16864)
-- Name: django_celery_beat_periodictask_name_265a36b7_like; Type: INDEX; Schema: public; Owner: postgres
--

CREATE INDEX django_celery_beat_periodictask_name_265a36b7_like ON public.django_celery_beat_periodictask USING btree (name varchar_pattern_ops);


--
-- TOC entry 3602 (class 1259 OID 16878)
-- Name: django_celery_beat_periodictask_solar_id_a87ce72c; Type: INDEX; Schema: public; Owner: postgres
--

CREATE INDEX django_celery_beat_periodictask_solar_id_a87ce72c ON public.django_celery_beat_periodictask USING btree (solar_id);


--
-- TOC entry 3586 (class 1259 OID 16824)
-- Name: django_session_expire_date_a5c62663; Type: INDEX; Schema: public; Owner: postgres
--

CREATE INDEX django_session_expire_date_a5c62663 ON public.django_session USING btree (expire_date);


--
-- TOC entry 3589 (class 1259 OID 16823)
-- Name: django_session_session_key_c0390e0f_like; Type: INDEX; Schema: public; Owner: postgres
--

CREATE INDEX django_session_session_key_c0390e0f_like ON public.django_session USING btree (session_key varchar_pattern_ops);


--
-- TOC entry 3555 (class 1259 OID 16748)
-- Name: school_attendance_student_id_cdfb7f6b; Type: INDEX; Schema: public; Owner: postgres
--

CREATE INDEX school_attendance_student_id_cdfb7f6b ON public.school_attendance USING btree (student_id);


--
-- TOC entry 3558 (class 1259 OID 16749)
-- Name: school_attendance_teacher_assignment_id_4ddcdc71; Type: INDEX; Schema: public; Owner: postgres
--

CREATE INDEX school_attendance_teacher_assignment_id_4ddcdc71 ON public.school_attendance USING btree (teacher_assignment_id);


--
-- TOC entry 3487 (class 1259 OID 16599)
-- Name: school_customuser_groups_customuser_id_d4697628; Type: INDEX; Schema: public; Owner: postgres
--

CREATE INDEX school_customuser_groups_customuser_id_d4697628 ON public.school_customuser_groups USING btree (customuser_id);


--
-- TOC entry 3490 (class 1259 OID 16600)
-- Name: school_customuser_groups_group_id_cc24b7d6; Type: INDEX; Schema: public; Owner: postgres
--

CREATE INDEX school_customuser_groups_group_id_cc24b7d6 ON public.school_customuser_groups USING btree (group_id);


--
-- TOC entry 3495 (class 1259 OID 16613)
-- Name: school_customuser_user_permissions_customuser_id_08f54bb5; Type: INDEX; Schema: public; Owner: postgres
--

CREATE INDEX school_customuser_user_permissions_customuser_id_08f54bb5 ON public.school_customuser_user_permissions USING btree (customuser_id);


--
-- TOC entry 3496 (class 1259 OID 16614)
-- Name: school_customuser_user_permissions_permission_id_79525a32; Type: INDEX; Schema: public; Owner: postgres
--

CREATE INDEX school_customuser_user_permissions_permission_id_79525a32 ON public.school_customuser_user_permissions USING btree (permission_id);


--
-- TOC entry 3484 (class 1259 OID 16586)
-- Name: school_customuser_username_b5ce97c6_like; Type: INDEX; Schema: public; Owner: postgres
--

CREATE INDEX school_customuser_username_b5ce97c6_like ON public.school_customuser USING btree (username varchar_pattern_ops);


--
-- TOC entry 3548 (class 1259 OID 16733)
-- Name: school_grade_semester_id_365ad439; Type: INDEX; Schema: public; Owner: postgres
--

CREATE INDEX school_grade_semester_id_365ad439 ON public.school_grade USING btree (semester_id);


--
-- TOC entry 3549 (class 1259 OID 16734)
-- Name: school_grade_student_id_a5de1711; Type: INDEX; Schema: public; Owner: postgres
--

CREATE INDEX school_grade_student_id_a5de1711 ON public.school_grade USING btree (student_id);


--
-- TOC entry 3552 (class 1259 OID 16735)
-- Name: school_grade_teacher_assignment_id_5abc8fa8; Type: INDEX; Schema: public; Owner: postgres
--

CREATE INDEX school_grade_teacher_assignment_id_5abc8fa8 ON public.school_grade USING btree (teacher_assignment_id);


--
-- TOC entry 3503 (class 1259 OID 16620)
-- Name: school_group_name_dfa4c661_like; Type: INDEX; Schema: public; Owner: postgres
--

CREATE INDEX school_group_name_dfa4c661_like ON public.school_group USING btree (name varchar_pattern_ops);


--
-- TOC entry 3508 (class 1259 OID 16633)
-- Name: school_group_students_group_id_fbf7ef2e; Type: INDEX; Schema: public; Owner: postgres
--

CREATE INDEX school_group_students_group_id_fbf7ef2e ON public.school_group_students USING btree (group_id);


--
-- TOC entry 3513 (class 1259 OID 16634)
-- Name: school_group_students_studentprofile_id_fdecc95a; Type: INDEX; Schema: public; Owner: postgres
--

CREATE INDEX school_group_students_studentprofile_id_fdecc95a ON public.school_group_students USING btree (studentprofile_id);


--
-- TOC entry 3524 (class 1259 OID 16666)
-- Name: school_material_teacher_assignment_id_6b6ad198; Type: INDEX; Schema: public; Owner: postgres
--

CREATE INDEX school_material_teacher_assignment_id_6b6ad198 ON public.school_material USING btree (teacher_assignment_id);


--
-- TOC entry 3468 (class 1259 OID 16584)
-- Name: school_room_number_5027b7ed_like; Type: INDEX; Schema: public; Owner: postgres
--

CREATE INDEX school_room_number_5027b7ed_like ON public.school_room USING btree (number varchar_pattern_ops);


--
-- TOC entry 3535 (class 1259 OID 16711)
-- Name: school_scheduleentry_group_id_833dfe61; Type: INDEX; Schema: public; Owner: postgres
--

CREATE INDEX school_scheduleentry_group_id_833dfe61 ON public.school_scheduleentry USING btree (group_id);


--
-- TOC entry 3538 (class 1259 OID 16712)
-- Name: school_scheduleentry_room_id_55c103bc; Type: INDEX; Schema: public; Owner: postgres
--

CREATE INDEX school_scheduleentry_room_id_55c103bc ON public.school_scheduleentry USING btree (room_id);


--
-- TOC entry 3539 (class 1259 OID 16713)
-- Name: school_scheduleentry_scheduler_id_8bf5f395; Type: INDEX; Schema: public; Owner: postgres
--

CREATE INDEX school_scheduleentry_scheduler_id_8bf5f395 ON public.school_scheduleentry USING btree (scheduler_id);


--
-- TOC entry 3540 (class 1259 OID 16715)
-- Name: school_scheduleentry_subject_id_0509a5d6; Type: INDEX; Schema: public; Owner: postgres
--

CREATE INDEX school_scheduleentry_subject_id_0509a5d6 ON public.school_scheduleentry USING btree (subject_id);


--
-- TOC entry 3541 (class 1259 OID 16714)
-- Name: school_scheduleentry_teacher_id_10a63462; Type: INDEX; Schema: public; Owner: postgres
--

CREATE INDEX school_scheduleentry_teacher_id_10a63462 ON public.school_scheduleentry USING btree (teacher_id);


--
-- TOC entry 3477 (class 1259 OID 16585)
-- Name: school_subject_name_cbf47133_like; Type: INDEX; Schema: public; Owner: postgres
--

CREATE INDEX school_subject_name_cbf47133_like ON public.school_subject USING btree (name varchar_pattern_ops);


--
-- TOC entry 3514 (class 1259 OID 16657)
-- Name: school_teacherassignment_group_id_37734c94; Type: INDEX; Schema: public; Owner: postgres
--

CREATE INDEX school_teacherassignment_group_id_37734c94 ON public.school_teacherassignment USING btree (group_id);


--
-- TOC entry 3517 (class 1259 OID 16658)
-- Name: school_teacherassignment_semester_id_436945b4; Type: INDEX; Schema: public; Owner: postgres
--

CREATE INDEX school_teacherassignment_semester_id_436945b4 ON public.school_teacherassignment USING btree (semester_id);


--
-- TOC entry 3518 (class 1259 OID 16659)
-- Name: school_teacherassignment_subject_id_b4aee84e; Type: INDEX; Schema: public; Owner: postgres
--

CREATE INDEX school_teacherassignment_subject_id_b4aee84e ON public.school_teacherassignment USING btree (subject_id);


--
-- TOC entry 3519 (class 1259 OID 16660)
-- Name: school_teacherassignment_teacher_id_b5eea42f; Type: INDEX; Schema: public; Owner: postgres
--

CREATE INDEX school_teacherassignment_teacher_id_b5eea42f ON public.school_teacherassignment USING btree (teacher_id);


--
-- TOC entry 3531 (class 1259 OID 16685)
-- Name: school_tutorprofile_groups_group_id_86edd17c; Type: INDEX; Schema: public; Owner: postgres
--

CREATE INDEX school_tutorprofile_groups_group_id_86edd17c ON public.school_tutorprofile_groups USING btree (group_id);


--
-- TOC entry 3534 (class 1259 OID 16684)
-- Name: school_tutorprofile_groups_tutorprofile_id_35af3543; Type: INDEX; Schema: public; Owner: postgres
--

CREATE INDEX school_tutorprofile_groups_tutorprofile_id_35af3543 ON public.school_tutorprofile_groups USING btree (tutorprofile_id);


--
-- TOC entry 3612 (class 2606 OID 16441)
-- Name: auth_group_permissions auth_group_permissio_permission_id_84c5c92e_fk_auth_perm; Type: FK CONSTRAINT; Schema: public; Owner: postgres
--

ALTER TABLE ONLY public.auth_group_permissions
    ADD CONSTRAINT auth_group_permissio_permission_id_84c5c92e_fk_auth_perm FOREIGN KEY (permission_id) REFERENCES public.auth_permission(id) DEFERRABLE INITIALLY DEFERRED;


--
-- TOC entry 3613 (class 2606 OID 16436)
-- Name: auth_group_permissions auth_group_permissions_group_id_b120cbf9_fk_auth_group_id; Type: FK CONSTRAINT; Schema: public; Owner: postgres
--

ALTER TABLE ONLY public.auth_group_permissions
    ADD CONSTRAINT auth_group_permissions_group_id_b120cbf9_fk_auth_group_id FOREIGN KEY (group_id) REFERENCES public.auth_group(id) DEFERRABLE INITIALLY DEFERRED;


--
-- TOC entry 3611 (class 2606 OID 16427)
-- Name: auth_permission auth_permission_content_type_id_2f476e4b_fk_django_co; Type: FK CONSTRAINT; Schema: public; Owner: postgres
--

ALTER TABLE ONLY public.auth_permission
    ADD CONSTRAINT auth_permission_content_type_id_2f476e4b_fk_django_co FOREIGN KEY (content_type_id) REFERENCES public.django_content_type(id) DEFERRABLE INITIALLY DEFERRED;


--
-- TOC entry 3639 (class 2606 OID 16759)
-- Name: django_admin_log django_admin_log_content_type_id_c4bce8eb_fk_django_co; Type: FK CONSTRAINT; Schema: public; Owner: postgres
--

ALTER TABLE ONLY public.django_admin_log
    ADD CONSTRAINT django_admin_log_content_type_id_c4bce8eb_fk_django_co FOREIGN KEY (content_type_id) REFERENCES public.django_content_type(id) DEFERRABLE INITIALLY DEFERRED;


--
-- TOC entry 3640 (class 2606 OID 16764)
-- Name: django_admin_log django_admin_log_user_id_c564eba6_fk_school_customuser_id; Type: FK CONSTRAINT; Schema: public; Owner: postgres
--

ALTER TABLE ONLY public.django_admin_log
    ADD CONSTRAINT django_admin_log_user_id_c564eba6_fk_school_customuser_id FOREIGN KEY (user_id) REFERENCES public.school_customuser(id) DEFERRABLE INITIALLY DEFERRED;


--
-- TOC entry 3641 (class 2606 OID 16893)
-- Name: django_celery_beat_periodictask django_celery_beat_p_clocked_id_47a69f82_fk_django_ce; Type: FK CONSTRAINT; Schema: public; Owner: postgres
--

ALTER TABLE ONLY public.django_celery_beat_periodictask
    ADD CONSTRAINT django_celery_beat_p_clocked_id_47a69f82_fk_django_ce FOREIGN KEY (clocked_id) REFERENCES public.django_celery_beat_clockedschedule(id) DEFERRABLE INITIALLY DEFERRED;


--
-- TOC entry 3642 (class 2606 OID 16854)
-- Name: django_celery_beat_periodictask django_celery_beat_p_crontab_id_d3cba168_fk_django_ce; Type: FK CONSTRAINT; Schema: public; Owner: postgres
--

ALTER TABLE ONLY public.django_celery_beat_periodictask
    ADD CONSTRAINT django_celery_beat_p_crontab_id_d3cba168_fk_django_ce FOREIGN KEY (crontab_id) REFERENCES public.django_celery_beat_crontabschedule(id) DEFERRABLE INITIALLY DEFERRED;


--
-- TOC entry 3643 (class 2606 OID 16859)
-- Name: django_celery_beat_periodictask django_celery_beat_p_interval_id_a8ca27da_fk_django_ce; Type: FK CONSTRAINT; Schema: public; Owner: postgres
--

ALTER TABLE ONLY public.django_celery_beat_periodictask
    ADD CONSTRAINT django_celery_beat_p_interval_id_a8ca27da_fk_django_ce FOREIGN KEY (interval_id) REFERENCES public.django_celery_beat_intervalschedule(id) DEFERRABLE INITIALLY DEFERRED;


--
-- TOC entry 3644 (class 2606 OID 16873)
-- Name: django_celery_beat_periodictask django_celery_beat_p_solar_id_a87ce72c_fk_django_ce; Type: FK CONSTRAINT; Schema: public; Owner: postgres
--

ALTER TABLE ONLY public.django_celery_beat_periodictask
    ADD CONSTRAINT django_celery_beat_p_solar_id_a87ce72c_fk_django_ce FOREIGN KEY (solar_id) REFERENCES public.django_celery_beat_solarschedule(id) DEFERRABLE INITIALLY DEFERRED;


--
-- TOC entry 3637 (class 2606 OID 16738)
-- Name: school_attendance school_attendance_student_id_cdfb7f6b_fk_school_st; Type: FK CONSTRAINT; Schema: public; Owner: postgres
--

ALTER TABLE ONLY public.school_attendance
    ADD CONSTRAINT school_attendance_student_id_cdfb7f6b_fk_school_st FOREIGN KEY (student_id) REFERENCES public.school_studentprofile(id) DEFERRABLE INITIALLY DEFERRED;


--
-- TOC entry 3638 (class 2606 OID 16743)
-- Name: school_attendance school_attendance_teacher_assignment_i_4ddcdc71_fk_school_te; Type: FK CONSTRAINT; Schema: public; Owner: postgres
--

ALTER TABLE ONLY public.school_attendance
    ADD CONSTRAINT school_attendance_teacher_assignment_i_4ddcdc71_fk_school_te FOREIGN KEY (teacher_assignment_id) REFERENCES public.school_teacherassignment(id) DEFERRABLE INITIALLY DEFERRED;


--
-- TOC entry 3614 (class 2606 OID 16589)
-- Name: school_customuser_groups school_customuser_gr_customuser_id_d4697628_fk_school_cu; Type: FK CONSTRAINT; Schema: public; Owner: postgres
--

ALTER TABLE ONLY public.school_customuser_groups
    ADD CONSTRAINT school_customuser_gr_customuser_id_d4697628_fk_school_cu FOREIGN KEY (customuser_id) REFERENCES public.school_customuser(id) DEFERRABLE INITIALLY DEFERRED;


--
-- TOC entry 3615 (class 2606 OID 16594)
-- Name: school_customuser_groups school_customuser_groups_group_id_cc24b7d6_fk_auth_group_id; Type: FK CONSTRAINT; Schema: public; Owner: postgres
--

ALTER TABLE ONLY public.school_customuser_groups
    ADD CONSTRAINT school_customuser_groups_group_id_cc24b7d6_fk_auth_group_id FOREIGN KEY (group_id) REFERENCES public.auth_group(id) DEFERRABLE INITIALLY DEFERRED;


--
-- TOC entry 3616 (class 2606 OID 16603)
-- Name: school_customuser_user_permissions school_customuser_us_customuser_id_08f54bb5_fk_school_cu; Type: FK CONSTRAINT; Schema: public; Owner: postgres
--

ALTER TABLE ONLY public.school_customuser_user_permissions
    ADD CONSTRAINT school_customuser_us_customuser_id_08f54bb5_fk_school_cu FOREIGN KEY (customuser_id) REFERENCES public.school_customuser(id) DEFERRABLE INITIALLY DEFERRED;


--
-- TOC entry 3617 (class 2606 OID 16608)
-- Name: school_customuser_user_permissions school_customuser_us_permission_id_79525a32_fk_auth_perm; Type: FK CONSTRAINT; Schema: public; Owner: postgres
--

ALTER TABLE ONLY public.school_customuser_user_permissions
    ADD CONSTRAINT school_customuser_us_permission_id_79525a32_fk_auth_perm FOREIGN KEY (permission_id) REFERENCES public.auth_permission(id) DEFERRABLE INITIALLY DEFERRED;


--
-- TOC entry 3634 (class 2606 OID 16718)
-- Name: school_grade school_grade_semester_id_365ad439_fk_school_semester_id; Type: FK CONSTRAINT; Schema: public; Owner: postgres
--

ALTER TABLE ONLY public.school_grade
    ADD CONSTRAINT school_grade_semester_id_365ad439_fk_school_semester_id FOREIGN KEY (semester_id) REFERENCES public.school_semester(id) DEFERRABLE INITIALLY DEFERRED;


--
-- TOC entry 3635 (class 2606 OID 16723)
-- Name: school_grade school_grade_student_id_a5de1711_fk_school_studentprofile_id; Type: FK CONSTRAINT; Schema: public; Owner: postgres
--

ALTER TABLE ONLY public.school_grade
    ADD CONSTRAINT school_grade_student_id_a5de1711_fk_school_studentprofile_id FOREIGN KEY (student_id) REFERENCES public.school_studentprofile(id) DEFERRABLE INITIALLY DEFERRED;


--
-- TOC entry 3636 (class 2606 OID 16728)
-- Name: school_grade school_grade_teacher_assignment_i_5abc8fa8_fk_school_te; Type: FK CONSTRAINT; Schema: public; Owner: postgres
--

ALTER TABLE ONLY public.school_grade
    ADD CONSTRAINT school_grade_teacher_assignment_i_5abc8fa8_fk_school_te FOREIGN KEY (teacher_assignment_id) REFERENCES public.school_teacherassignment(id) DEFERRABLE INITIALLY DEFERRED;


--
-- TOC entry 3619 (class 2606 OID 16628)
-- Name: school_group_students school_group_student_studentprofile_id_fdecc95a_fk_school_st; Type: FK CONSTRAINT; Schema: public; Owner: postgres
--

ALTER TABLE ONLY public.school_group_students
    ADD CONSTRAINT school_group_student_studentprofile_id_fdecc95a_fk_school_st FOREIGN KEY (studentprofile_id) REFERENCES public.school_studentprofile(id) DEFERRABLE INITIALLY DEFERRED;


--
-- TOC entry 3620 (class 2606 OID 16623)
-- Name: school_group_students school_group_students_group_id_fbf7ef2e_fk_school_group_id; Type: FK CONSTRAINT; Schema: public; Owner: postgres
--

ALTER TABLE ONLY public.school_group_students
    ADD CONSTRAINT school_group_students_group_id_fbf7ef2e_fk_school_group_id FOREIGN KEY (group_id) REFERENCES public.school_group(id) DEFERRABLE INITIALLY DEFERRED;


--
-- TOC entry 3625 (class 2606 OID 16661)
-- Name: school_material school_material_teacher_assignment_i_6b6ad198_fk_school_te; Type: FK CONSTRAINT; Schema: public; Owner: postgres
--

ALTER TABLE ONLY public.school_material
    ADD CONSTRAINT school_material_teacher_assignment_i_6b6ad198_fk_school_te FOREIGN KEY (teacher_assignment_id) REFERENCES public.school_teacherassignment(id) DEFERRABLE INITIALLY DEFERRED;


--
-- TOC entry 3629 (class 2606 OID 16686)
-- Name: school_scheduleentry school_scheduleentry_group_id_833dfe61_fk_school_group_id; Type: FK CONSTRAINT; Schema: public; Owner: postgres
--

ALTER TABLE ONLY public.school_scheduleentry
    ADD CONSTRAINT school_scheduleentry_group_id_833dfe61_fk_school_group_id FOREIGN KEY (group_id) REFERENCES public.school_group(id) DEFERRABLE INITIALLY DEFERRED;


--
-- TOC entry 3630 (class 2606 OID 16691)
-- Name: school_scheduleentry school_scheduleentry_room_id_55c103bc_fk_school_room_id; Type: FK CONSTRAINT; Schema: public; Owner: postgres
--

ALTER TABLE ONLY public.school_scheduleentry
    ADD CONSTRAINT school_scheduleentry_room_id_55c103bc_fk_school_room_id FOREIGN KEY (room_id) REFERENCES public.school_room(id) DEFERRABLE INITIALLY DEFERRED;


--
-- TOC entry 3631 (class 2606 OID 16696)
-- Name: school_scheduleentry school_scheduleentry_scheduler_id_8bf5f395_fk_school_cu; Type: FK CONSTRAINT; Schema: public; Owner: postgres
--

ALTER TABLE ONLY public.school_scheduleentry
    ADD CONSTRAINT school_scheduleentry_scheduler_id_8bf5f395_fk_school_cu FOREIGN KEY (scheduler_id) REFERENCES public.school_customuser(id) DEFERRABLE INITIALLY DEFERRED;


--
-- TOC entry 3632 (class 2606 OID 16706)
-- Name: school_scheduleentry school_scheduleentry_subject_id_0509a5d6_fk_school_subject_id; Type: FK CONSTRAINT; Schema: public; Owner: postgres
--

ALTER TABLE ONLY public.school_scheduleentry
    ADD CONSTRAINT school_scheduleentry_subject_id_0509a5d6_fk_school_subject_id FOREIGN KEY (subject_id) REFERENCES public.school_subject(id) DEFERRABLE INITIALLY DEFERRED;


--
-- TOC entry 3633 (class 2606 OID 16701)
-- Name: school_scheduleentry school_scheduleentry_teacher_id_10a63462_fk_school_cu; Type: FK CONSTRAINT; Schema: public; Owner: postgres
--

ALTER TABLE ONLY public.school_scheduleentry
    ADD CONSTRAINT school_scheduleentry_teacher_id_10a63462_fk_school_cu FOREIGN KEY (teacher_id) REFERENCES public.school_customuser(id) DEFERRABLE INITIALLY DEFERRED;


--
-- TOC entry 3618 (class 2606 OID 16615)
-- Name: school_studentprofile school_studentprofile_user_id_16085fc2_fk_school_customuser_id; Type: FK CONSTRAINT; Schema: public; Owner: postgres
--

ALTER TABLE ONLY public.school_studentprofile
    ADD CONSTRAINT school_studentprofile_user_id_16085fc2_fk_school_customuser_id FOREIGN KEY (user_id) REFERENCES public.school_customuser(id) DEFERRABLE INITIALLY DEFERRED;


--
-- TOC entry 3621 (class 2606 OID 16642)
-- Name: school_teacherassignment school_teacherassign_semester_id_436945b4_fk_school_se; Type: FK CONSTRAINT; Schema: public; Owner: postgres
--

ALTER TABLE ONLY public.school_teacherassignment
    ADD CONSTRAINT school_teacherassign_semester_id_436945b4_fk_school_se FOREIGN KEY (semester_id) REFERENCES public.school_semester(id) DEFERRABLE INITIALLY DEFERRED;


--
-- TOC entry 3622 (class 2606 OID 16647)
-- Name: school_teacherassignment school_teacherassign_subject_id_b4aee84e_fk_school_su; Type: FK CONSTRAINT; Schema: public; Owner: postgres
--

ALTER TABLE ONLY public.school_teacherassignment
    ADD CONSTRAINT school_teacherassign_subject_id_b4aee84e_fk_school_su FOREIGN KEY (subject_id) REFERENCES public.school_subject(id) DEFERRABLE INITIALLY DEFERRED;


--
-- TOC entry 3623 (class 2606 OID 16652)
-- Name: school_teacherassignment school_teacherassign_teacher_id_b5eea42f_fk_school_cu; Type: FK CONSTRAINT; Schema: public; Owner: postgres
--

ALTER TABLE ONLY public.school_teacherassignment
    ADD CONSTRAINT school_teacherassign_teacher_id_b5eea42f_fk_school_cu FOREIGN KEY (teacher_id) REFERENCES public.school_customuser(id) DEFERRABLE INITIALLY DEFERRED;


--
-- TOC entry 3624 (class 2606 OID 16637)
-- Name: school_teacherassignment school_teacherassignment_group_id_37734c94_fk_school_group_id; Type: FK CONSTRAINT; Schema: public; Owner: postgres
--

ALTER TABLE ONLY public.school_teacherassignment
    ADD CONSTRAINT school_teacherassignment_group_id_37734c94_fk_school_group_id FOREIGN KEY (group_id) REFERENCES public.school_group(id) DEFERRABLE INITIALLY DEFERRED;


--
-- TOC entry 3627 (class 2606 OID 16674)
-- Name: school_tutorprofile_groups school_tutorprofile__tutorprofile_id_35af3543_fk_school_tu; Type: FK CONSTRAINT; Schema: public; Owner: postgres
--

ALTER TABLE ONLY public.school_tutorprofile_groups
    ADD CONSTRAINT school_tutorprofile__tutorprofile_id_35af3543_fk_school_tu FOREIGN KEY (tutorprofile_id) REFERENCES public.school_tutorprofile(id) DEFERRABLE INITIALLY DEFERRED;


--
-- TOC entry 3628 (class 2606 OID 16679)
-- Name: school_tutorprofile_groups school_tutorprofile_groups_group_id_86edd17c_fk_school_group_id; Type: FK CONSTRAINT; Schema: public; Owner: postgres
--

ALTER TABLE ONLY public.school_tutorprofile_groups
    ADD CONSTRAINT school_tutorprofile_groups_group_id_86edd17c_fk_school_group_id FOREIGN KEY (group_id) REFERENCES public.school_group(id) DEFERRABLE INITIALLY DEFERRED;


--
-- TOC entry 3626 (class 2606 OID 16667)
-- Name: school_tutorprofile school_tutorprofile_user_id_253afc38_fk_school_customuser_id; Type: FK CONSTRAINT; Schema: public; Owner: postgres
--

ALTER TABLE ONLY public.school_tutorprofile
    ADD CONSTRAINT school_tutorprofile_user_id_253afc38_fk_school_customuser_id FOREIGN KEY (user_id) REFERENCES public.school_customuser(id) DEFERRABLE INITIALLY DEFERRED;


-- Completed on 2025-09-02 00:05:45 +04

--
-- PostgreSQL database dump complete
--

\unrestrict yq3cliajjmEUXoQel0vSQenbS6gUxZ4qBOU9jDDdLdlr790F7m6bhrWaMVhu19Q

